gene,gene_id,importance,std
CAVIN2,ENSG00000168497.5,0.0006308229813664524,0.00013200184888138855
PALMD,ENSG00000099260.11,0.00045613354037268297,0.00022986644569732812
FAXDC2,ENSG00000170271.11,0.00044642857142858096,0.00025007955603114105
CD300LG,ENSG00000161649.13,0.00043672360248446783,0.0010956303897823186
TNS1,ENSG00000079308.19,0.0004173136645962749,4.447375480354306e-05
ASF1B,ENSG00000105011.9,0.00040760869565217297,0.0001612310532398729
ADRB2,ENSG00000169252.6,0.00038819875776398006,0.00015034873238379724
HJURP,ENSG00000123485.12,0.00037849378881988917,0.0001760321928107182
IQGAP3,ENSG00000183856.11,0.00036878881987576493,3.8819875776408e-05
PKMYT1,ENSG00000127564.17,0.00035908385093167403,0.00011524012118627431
UBE2C,ENSG00000175063.17,0.00034937888198758313,0.0002575019247170317
KIF4A,ENSG00000090889.12,0.00032026397515527716,7.579823055031982e-05
DLGAP5,ENSG00000126787.13,0.00032026397515526605,7.579823055033831e-05
EPYC,ENSG00000083782.8,0.00031055900621118626,0.00026684252882118334
ITIH5,ENSG00000123243.15,0.00031055900621117515,0.0006734996728609
CREB3L1,ENSG00000157613.11,0.00030085403726709536,0.00023949849920910444
CCN4,ENSG00000104415.14,0.0002911490683229712,0.00033897999216949646
TSPAN7,ENSG00000156298.13,0.00028144409937889134,0.0001013228504358552
MMP13,ENSG00000137745.12,0.00028144409937889134,0.0002794289605762338
SPAG5,ENSG00000076382.17,0.0002717391304348227,5.8229813664600893e-05
TMTC1,ENSG00000133687.16,0.00027173913043480045,0.00012121502326083564
CCL11,ENSG00000172156.4,0.0002620341614906874,0.00022573181967418447
COL10A1,ENSG00000123500.10,0.00026203416149067627,0.0004930468088462544
CILP2,ENSG00000160161.9,0.00026203416149067627,0.00036584000048468226
CDK1,ENSG00000170312.16,0.00026203416149066515,8.73447204968884e-05
TGFBR3,ENSG00000069702.11,0.0002523291925466076,0.00012428424373897665
UBE2T,ENSG00000077152.11,0.00024262422360250558,0.0002092765785408264
TNMD,ENSG00000000005.6,0.00022321428571431268,0.00014427473551357334
PGM5,ENSG00000154330.13,0.00022321428571430156,4.447375480352368e-05
MEOX2,ENSG00000106511.6,0.00022321428571429048,0.00019912931413706208
RNF150,ENSG00000170153.11,0.00022321428571429048,0.00035005218938024456
IGF2BP2,ENSG00000073792.16,0.00022321428571427936,0.00017921375497496035
VEGFD,ENSG00000165197.5,0.00021350931677019958,0.0004789969984181918
GPIHBP1,ENSG00000277494.2,0.00021350931677018847,0.00018311298781166594
LAMP5,ENSG00000125869.10,0.00021350931677017738,0.00023291925465838877
FAM107A,ENSG00000168309.18,0.00021350931677015516,5.822981366460459e-05
CD36,ENSG00000135218.19,0.00020380434782611977,5.2262857212115515e-05
FGF2,ENSG00000138685.17,0.00020380434782608648,5.226285721208047e-05
KIF26B,ENSG00000162849.16,0.00020380434782608648,0.00019627085031209145
COMP,ENSG00000105664.11,0.0001940993788820178,0.00034721552445650833
ADH1C,ENSG00000248144.6,0.00019409937888200667,5.0876810775084986e-17
MAOB,ENSG00000069535.14,0.00019409937888200667,0.00018413883890731146
BUB1,ENSG00000169679.15,0.00019409937888200667,5.0876810775084986e-17
COL11A1,ENSG00000060718.22,0.0001940993788819956,0.00022966148226318957
FOXA1,ENSG00000129514.8,0.00019409937888198447,0.00010631260821140476
MFAP2,ENSG00000117122.14,0.00019409937888198447,0.00031597089666343285
MYOC,ENSG00000034971.17,0.00019409937888198447,0.00015034873238382589
KLF15,ENSG00000163884.4,0.00019409937888196228,5.0876810775084986e-17
ALDOC,ENSG00000109107.14,0.0001843944099379047,0.00023149962037805345
CA4,ENSG00000167434.10,0.0001843944099379047,0.00042624594829186973
CDCA8,ENSG00000134690.11,0.0001843944099379047,2.9114906832294897e-05
MMP11,ENSG00000099953.10,0.00018439440993789358,0.000456133540372649
CRYAB,ENSG00000109846.9,0.00018439440993789358,0.00042180345132182377
C9orf116,ENSG00000160345.13,0.00018439440993787138,0.0002827795474443777
CHL1,ENSG00000134121.10,0.0001746894409938138,5.8229813664604587e-05
NUF2,ENSG00000143228.13,0.00017468944099380268,0.00019794330409909452
GJB2,ENSG00000165474.8,0.00016498447204968958,0.0003363300359309874
MISP,ENSG00000099812.9,0.00016498447204968958,0.00020380434782609863
LRRC15,ENSG00000172061.9,0.00015527950310562089,0.0002852666625911859
MSRB3,ENSG00000174099.12,0.00015527950310560977,0.0001452506749523785
CDC20,ENSG00000117399.14,0.0001552795031055987,6.437548117925583e-05
PRR36,ENSG00000183248.12,0.00015527950310558757,0.00018000035899642594
SYT17,ENSG00000103528.17,0.00015527950310558757,0.00014525067495240222
CAV1,ENSG00000105974.13,0.00014557453416151888,0.00034517506296152936
SPRY2,ENSG00000136158.12,0.0001455745341615078,0.0007644780898023205
MAOA,ENSG00000189221.10,0.0001455745341615078,0.0001638387326876485
PDE2A,ENSG00000186642.16,0.00014557453416149668,0.00025026779810223657
FAP,ENSG00000078098.14,0.00014557453416149668,0.00015798544833172496
KIF18B,ENSG00000186185.14,0.00014557453416149668,4.852484472047669e-05
HAGHL,ENSG00000103253.19,0.00013586956521740578,0.00022635682821604255
PTTG1,ENSG00000164611.13,0.0001358695652173947,0.00010806996045864855
MUC1,ENSG00000185499.16,0.0001358695652173947,0.00015159646110067236
PDK4,ENSG00000004799.8,0.00012616459627331488,4.447375480355033e-05
GPC3,ENSG00000147257.15,0.0001261645962733038,4.4473754803533376e-05
MME,ENSG00000196549.12,0.0001261645962733038,0.00044695570417972854
TMEM47,ENSG00000147027.4,0.00012616459627329268,7.579823055032694e-05
FAM234B,ENSG00000084444.14,0.00012616459627328157,0.00010675465838508364
NFIB,ENSG00000147862.17,0.00011645962732921289,0.00013586956521740578
DEGS2,ENSG00000168350.8,0.00011645962732921289,0.00018311298781165534
CREB3L4,ENSG00000143578.16,0.00011645962732920179,8.460595775506213e-05
LOXL4,ENSG00000138131.4,0.00011645962732919069,0.0002117374245852841
SLC44A4,ENSG00000204385.13,0.00011645962732917959,0.00019312644353777645
KIFC2,ENSG00000167702.13,0.00011645962732917959,9.508888753039229e-05
AURKA,ENSG00000087586.18,0.00011645962732917959,3.8819875776374695e-05
ANXA9,ENSG00000143412.10,0.00011645962732917959,9.508888753039229e-05
CDCA5,ENSG00000146670.10,0.00011645962732916847,9.508888753038322e-05
RHPN1,ENSG00000158106.14,0.00010675465838513309,8.061552661995516e-05
CLIC6,ENSG00000159212.13,0.00010675465838512199,5.226285721207016e-05
LIFR,ENSG00000113594.10,0.00010675465838512199,6.793478260868226e-05
VIT,ENSG00000205221.12,0.00010675465838511089,0.00020101237555518144
LYVE1,ENSG00000133800.9,0.00010675465838511089,5.226285721209284e-05
LRRN2,ENSG00000170382.12,0.00010675465838511089,0.00011846424316511398
NTRK2,ENSG00000148053.17,0.00010675465838509979,0.00021017476540863495
MT1X,ENSG00000187193.9,0.00010675465838508869,0.00023149962037803762
FCMR,ENSG00000162894.12,0.00010675465838508869,0.00012616459627328585
BGN,ENSG00000182492.16,0.00010675465838508869,0.00018130378195138148
ZBTB16,ENSG00000109906.14,0.00010675465838508869,5.226285721209696e-05
PHGDH,ENSG00000092621.13,0.00010675465838506648,9.15564939058006e-05
EXO1,ENSG00000174371.17,9.70496894410644e-05,5.438959828795975e-17
SFN,ENSG00000175793.12,9.704968944103109e-05,3.330669084904544e-17
RHBDL1,ENSG00000103269.14,9.704968944103109e-05,0.00016809499297058895
KRT19,ENSG00000171345.13,9.704968944101999e-05,0.0
LGALS12,ENSG00000133317.16,9.704968944101999e-05,0.0
AP1M2,ENSG00000129354.12,9.704968944101999e-05,0.0
LIPE,ENSG00000079435.10,9.704968944101999e-05,0.0
LRRN4CL,ENSG00000177363.5,9.704968944101999e-05,0.0
CDCA2,ENSG00000184661.14,9.704968944101999e-05,0.0
SKA1,ENSG00000154839.10,9.70496894410089e-05,7.517436619192011e-05
KIFC1,ENSG00000237649.8,9.70496894410089e-05,6.137961296910577e-05
ZWINT,ENSG00000122952.17,9.70496894410089e-05,6.137961296910577e-05
ALDH1A1,ENSG00000165092.13,9.70496894410089e-05,3.330669084904544e-17
HOXC13,ENSG00000123364.5,9.70496894409978e-05,0.00013020582167116892
PLK1,ENSG00000166851.15,9.70496894409978e-05,6.137961296910577e-05
EVL,ENSG00000196405.13,9.704968944098668e-05,0.0001227592259382203
MATN3,ENSG00000132031.13,9.704968944098668e-05,0.00028789590400217496
CST2,ENSG00000170369.4,9.704968944097558e-05,0.0001940993788819734
PIMREG,ENSG00000129195.16,9.704968944096448e-05,7.447602459741819e-17
IL4I1,ENSG00000104951.16,9.704968944096448e-05,0.0002081483946965134
CCDC69,ENSG00000198624.13,9.704968944095338e-05,5.438959828795975e-17
ANGPTL1,ENSG00000116194.13,9.704968944095338e-05,5.438959828795975e-17
ITGA7,ENSG00000135424.18,9.704968944093117e-05,4.440892131587851e-17
MAML2,ENSG00000184384.14,9.704968944090897e-05,0.0
PRLR,ENSG00000113494.17,8.7344720496918e-05,5.2262857212090775e-05
COL8A2,ENSG00000171812.13,8.7344720496918e-05,2.9114906832305996e-05
BTNL9,ENSG00000165810.17,8.73447204969069e-05,0.0005463302773694821
CST4,ENSG00000101441.4,8.73447204969069e-05,0.00011846424316511216
NDC80,ENSG00000080986.13,8.734472049688468e-05,8.061552661991239e-05
KIF2C,ENSG00000142945.13,8.734472049688468e-05,0.00010132285043583713
TROAP,ENSG00000135451.13,8.734472049687358e-05,6.793478260869179e-05
CCN3,ENSG00000136999.5,8.734472049685139e-05,2.9114906832283787e-05
RHOH,ENSG00000168421.13,8.734472049681807e-05,2.911490683227269e-05
MMRN1,ENSG00000138722.10,8.734472049681807e-05,2.911490683227269e-05
SCARA5,ENSG00000168079.17,7.7639751552816e-05,0.00020264570087169659
ADAMTS1,ENSG00000154734.16,7.7639751552816e-05,9.508888753042855e-05
ZNF703,ENSG00000183779.7,7.7639751552816e-05,9.508888753042855e-05
ABCA8,ENSG00000141338.14,7.7639751552816e-05,0.0001212150232608712
CNIH2,ENSG00000174871.11,7.7639751552816e-05,7.262533747622188e-05
PLPP4,ENSG00000203805.11,7.7639751552816e-05,0.00030319292220135606
MAPK15,ENSG00000181085.15,7.763975155280489e-05,0.0001045257144242001
MAMDC2,ENSG00000165072.10,7.763975155280489e-05,0.00030319292220135893
SH3BGRL2,ENSG00000198478.8,7.763975155280489e-05,0.00021173742458532071
MISP3,ENSG00000141854.9,7.763975155279379e-05,9.508888753040135e-05
RRM2,ENSG00000171848.16,7.763975155279379e-05,3.8819875776396894e-05
SYNDIG1,ENSG00000101463.6,7.763975155279379e-05,0.0001552795031055737
INHBA,ENSG00000122641.11,7.763975155278269e-05,0.0003153741616706688
EBF1,ENSG00000164330.17,7.763975155278269e-05,8.460595775503665e-05
HOXB2,ENSG00000173917.10,7.763975155278269e-05,7.262533747619815e-05
RHCG,ENSG00000140519.14,7.763975155278269e-05,9.508888753038775e-05
TMEM26,ENSG00000196932.12,7.763975155278269e-05,3.881987577636359e-05
AGTR1,ENSG00000144891.18,7.763975155278269e-05,9.508888753038776e-05
EPS8L1,ENSG00000131037.15,7.763975155277159e-05,9.508888753037417e-05
CYP39A1,ENSG00000146233.8,7.763975155277159e-05,3.8819875776385794e-05
INMT,ENSG00000241644.2,6.79347826087251e-05,4.447375480355033e-05
ATP1A2,ENSG00000018625.15,6.793478260871399e-05,0.00029770694196774806
CNN1,ENSG00000130176.8,6.793478260871399e-05,9.753373079506603e-05
SULF2,ENSG00000196562.14,6.793478260869179e-05,8.734472049688592e-05
UHRF1,ENSG00000276043.5,6.793478260869179e-05,8.734472049688592e-05
CIDEC,ENSG00000187288.12,6.793478260869179e-05,0.00013759168166497233
SMOC1,ENSG00000198732.11,6.793478260869179e-05,7.579823055033404e-05
SDC1,ENSG00000115884.11,6.793478260869179e-05,0.00012314225097483498
FGL2,ENSG00000127951.8,6.793478260868069e-05,4.447375480352125e-05
DTL,ENSG00000143476.18,6.793478260868069e-05,4.4473754803545485e-05
FMO1,ENSG00000010932.17,6.793478260863628e-05,4.447375480349218e-05
CCDC78,ENSG00000162004.18,5.82298136646231e-05,7.763975155279379e-05
ESM1,ENSG00000164283.13,5.82298136646231e-05,4.754444376522334e-05
MMP1,ENSG00000196611.5,5.822981366461199e-05,8.894750960708613e-05
NAT8L,ENSG00000185818.8,5.822981366461199e-05,4.754444376521428e-05
KLF4,ENSG00000136826.15,5.822981366461199e-05,8.894750960708613e-05
MLXIPL,ENSG00000009950.16,5.822981366461199e-05,8.894750960708613e-05
MAL2,ENSG00000147676.14,5.822981366461199e-05,8.894750960708613e-05
TMEM100,ENSG00000166292.12,5.822981366461199e-05,4.754444376521428e-05
TSPAN8,ENSG00000127324.9,5.822981366461199e-05,4.754444376521428e-05
CENPF,ENSG00000117724.13,5.8229813664600893e-05,4.754444376520521e-05
LRRC46,ENSG00000141294.10,5.8229813664600893e-05,8.894750960706916e-05
S100B,ENSG00000160307.10,5.8229813664600893e-05,0.000174689440993778
PEBP4,ENSG00000134020.8,5.8229813664600893e-05,7.763975155279657e-05
METRN,ENSG00000103260.9,5.8229813664589794e-05,8.894750960705222e-05
HOXA5,ENSG00000106004.5,5.8229813664589794e-05,0.00026113400712487084
MESP1,ENSG00000166823.5,5.822981366457869e-05,0.0001242842437389801
H2BU1,ENSG00000196890.4,5.822981366457869e-05,0.00010806996045864455
TMEM238,ENSG00000233493.4,5.822981366457869e-05,8.894750960703524e-05
TJP3,ENSG00000105289.15,5.822981366457869e-05,8.894750960703524e-05
H2AC13,ENSG00000196747.4,5.822981366457869e-05,4.7544443765187084e-05
LCK,ENSG00000182866.17,5.822981366454538e-05,4.754444376515989e-05
PPP2R2C,ENSG00000074211.14,4.85248447205433e-05,4.85248447205433e-05
SIM2,ENSG00000159263.16,4.85248447205322e-05,0.00017495881577369606
TNNT3,ENSG00000130595.19,4.85248447205322e-05,4.8524844720509996e-05
NPY5R,ENSG00000164129.12,4.8524844720521096e-05,4.85248447205211e-05
TNFRSF18,ENSG00000186891.14,4.8524844720521096e-05,4.85248447205211e-05
PITX1,ENSG00000069011.16,4.8524844720521096e-05,0.00016948999608473232
RHOU,ENSG00000116574.6,4.8524844720521096e-05,4.85248447205211e-05
RERGL,ENSG00000111404.7,4.8524844720509996e-05,0.00021809205215685322
SAMD11,ENSG00000187634.12,4.8524844720509996e-05,6.510291083559273e-05
NDNF,ENSG00000173376.14,4.8524844720509996e-05,4.852484472048779e-05
PI16,ENSG00000164530.15,4.8524844720509996e-05,4.8524844720509996e-05
SEMA3G,ENSG00000010319.7,4.8524844720509996e-05,4.8524844720509996e-05
MELK,ENSG00000165304.8,4.8524844720509996e-05,6.510291083560929e-05
ARC,ENSG00000198576.4,4.85248447204989e-05,7.824396106656249e-05
GBP5,ENSG00000154451.14,4.85248447204989e-05,6.510291083560101e-05
LAMA3,ENSG00000053747.17,4.85248447204989e-05,7.824396106656249e-05
PRR15,ENSG00000176532.4,4.85248447204989e-05,4.852484472049889e-05
COX6C,ENSG00000164919.11,4.85248447204989e-05,4.85248447204989e-05
RAB26,ENSG00000167964.13,4.85248447204989e-05,0.00012466258325569935
SCUBE2,ENSG00000175356.14,4.85248447204989e-05,4.852484472049889e-05
RBP7,ENSG00000162444.12,4.85248447204989e-05,4.852484472049889e-05
MATN2,ENSG00000132561.14,4.85248447204989e-05,0.00028543169972537204
SHISA9,ENSG00000237515.9,4.852484472048779e-05,7.824396106654182e-05
PER1,ENSG00000179094.16,4.852484472048779e-05,4.852484472048779e-05
L1CAM,ENSG00000198910.14,4.852484472047669e-05,4.852484472047669e-05
ECRG4,ENSG00000119147.10,4.852484472047669e-05,9.944633895533134e-05
C5orf38,ENSG00000186493.13,4.8524844720465585e-05,4.852484472046558e-05
PTGER3,ENSG00000050628.20,4.8524844720465585e-05,0.00012466258325566045
CA3,ENSG00000164879.7,3.8819875776452405e-05,4.7544443765246e-05
DMD,ENSG00000198947.16,3.8819875776441305e-05,0.0001635510437340099
PSAT1,ENSG00000135069.14,3.88198757764302e-05,4.754444376524147e-05
EPHB6,ENSG00000106123.12,3.88198757764191e-05,4.754444376518255e-05
IGSF1,ENSG00000147255.19,3.88198757764191e-05,4.754444376522788e-05
WNT11,ENSG00000085741.13,3.88198757764191e-05,4.754444376522787e-05
CFB,ENSG00000243649.9,3.88198757764191e-05,4.754444376522787e-05
LRRC56,ENSG00000161328.11,3.88198757764191e-05,4.754444376522787e-05
SAA2,ENSG00000134339.9,3.88198757764191e-05,4.754444376522787e-05
GSTM5,ENSG00000134201.12,3.88198757764191e-05,4.754444376522788e-05
FRZB,ENSG00000162998.5,3.88198757764191e-05,4.754444376520521e-05
LRRC6,ENSG00000129295.9,3.88198757764191e-05,4.754444376522787e-05
PPARG,ENSG00000132170.23,3.88198757764191e-05,4.754444376522788e-05
NOSTRIN,ENSG00000163072.16,3.8819875776408e-05,4.754444376521428e-05
SLC7A5,ENSG00000103257.9,3.8819875776408e-05,0.00014525067495241412
GPC4,ENSG00000076716.9,3.8819875776408e-05,7.7639751552816e-05
SELP,ENSG00000174175.17,3.8819875776408e-05,4.754444376521428e-05
KCNK15,ENSG00000124249.7,3.8819875776408e-05,4.754444376521428e-05
PRR11,ENSG00000068489.13,3.8819875776408e-05,4.754444376521428e-05
MYEOV,ENSG00000172927.8,3.8819875776408e-05,4.754444376521428e-05
PPP1R1A,ENSG00000135447.17,3.8819875776408e-05,7.7639751552816e-05
PKIB,ENSG00000135549.15,3.8819875776408e-05,4.754444376521428e-05
CXCL14,ENSG00000145824.13,3.8819875776408e-05,4.754444376521428e-05
PLIN4,ENSG00000167676.4,3.8819875776408e-05,7.763975155278824e-05
H3C10,ENSG00000278828.1,3.8819875776408e-05,4.754444376521428e-05
ACACB,ENSG00000076555.15,3.8819875776408e-05,4.754444376519161e-05
FAM83E,ENSG00000105523.3,3.8819875776408e-05,7.7639751552816e-05
TGFBR2,ENSG00000163513.19,3.8819875776408e-05,0.00011645962732918699
CAPN6,ENSG00000077274.9,3.8819875776408e-05,4.754444376521428e-05
BHLHE41,ENSG00000123095.6,3.8819875776408e-05,4.754444376521428e-05
CYBRD1,ENSG00000071967.12,3.8819875776396894e-05,4.754444376517802e-05
TIMP4,ENSG00000157150.5,3.8819875776396894e-05,4.754444376520068e-05
BMP5,ENSG00000112175.8,3.8819875776396894e-05,4.754444376520068e-05
PLA2G4A,ENSG00000116711.10,3.8819875776396894e-05,0.00014525067495241707
CEP55,ENSG00000138180.16,3.8819875776396894e-05,8.894750960706675e-05
STEAP2,ENSG00000157214.14,3.8819875776396894e-05,4.7544443765200684e-05
IGSF9,ENSG00000085552.17,3.8819875776396894e-05,7.763975155279379e-05
OGN,ENSG00000106809.11,3.8819875776396894e-05,4.754444376520068e-05
SLC7A8,ENSG00000092068.20,3.8819875776396894e-05,4.754444376520068e-05
CAV2,ENSG00000105971.15,3.8819875776396894e-05,0.00019017777506082537
KCNE4,ENSG00000152049.6,3.8819875776396894e-05,7.763975155279379e-05
CST1,ENSG00000170373.8,3.8819875776396894e-05,7.763975155279379e-05
SEMA6D,ENSG00000137872.17,3.8819875776396894e-05,4.754444376520068e-05
HOXC10,ENSG00000180818.5,3.8819875776396894e-05,7.763975155279379e-05
SPEF1,ENSG00000101222.12,3.8819875776396894e-05,7.763975155279379e-05
ELAPOR1,ENSG00000116299.17,3.8819875776385794e-05,4.7544443765187084e-05
CCL13,ENSG00000181374.8,3.8819875776385794e-05,4.7544443765187084e-05
HBB,ENSG00000244734.4,3.8819875776385794e-05,7.763975155277159e-05
MARCO,ENSG00000019169.10,3.8819875776385794e-05,4.7544443765187084e-05
TF,ENSG00000091513.16,3.8819875776385794e-05,0.0001316446037097553
FUT3,ENSG00000171124.13,3.881987577637469e-05,4.754444376517349e-05
UBXN10,ENSG00000162543.6,3.881987577636359e-05,4.754444376515989e-05
TNXB,ENSG00000168477.19,2.9114906832350408e-05,4.4473754803513995e-05
CLEC11A,ENSG00000105472.13,2.9114906832328202e-05,4.4473754803552756e-05
SLC2A10,ENSG00000197496.6,2.9114906832328202e-05,4.447375480357698e-05
GJA1,ENSG00000152661.9,2.9114906832328202e-05,4.447375480357698e-05
CPAMD8,ENSG00000160111.14,2.9114906832328202e-05,4.447375480352853e-05
HOXC11,ENSG00000123388.4,2.91149068323171e-05,4.4473754803535795e-05
ARNT2,ENSG00000172379.21,2.91149068323171e-05,6.214212186950738e-05
GASK1B,ENSG00000164125.16,2.91149068323171e-05,4.447375480356002e-05
TINAGL1,ENSG00000142910.16,2.91149068323171e-05,4.4473754803535795e-05
NPNT,ENSG00000168743.13,2.91149068323171e-05,4.447375480356002e-05
NDRG2,ENSG00000165795.23,2.91149068323171e-05,0.00010675465838509879
MET,ENSG00000105976.16,2.91149068323171e-05,0.0001442747355135569
ELOVL2,ENSG00000197977.4,2.91149068323171e-05,4.447375480356002e-05
LRG1,ENSG00000171236.10,2.91149068323171e-05,4.447375480356002e-05
SIX2,ENSG00000170577.8,2.9114906832305996e-05,4.4473754803543066e-05
LDHD,ENSG00000166816.15,2.9114906832305996e-05,4.4473754803543066e-05
GPD1,ENSG00000167588.13,2.9114906832305996e-05,4.4473754803543066e-05
MEOX1,ENSG00000005102.14,2.9114906832305996e-05,4.4473754803543066e-05
AOC3,ENSG00000131471.7,2.9114906832305996e-05,4.4473754803543066e-05
ZMYND10,ENSG00000004838.14,2.9114906832305996e-05,0.00016268492443942073
RAB31,ENSG00000168461.13,2.9114906832305996e-05,4.4473754803543066e-05
GPX3,ENSG00000211445.12,2.9114906832305996e-05,4.447375480354306e-05
SPINK4,ENSG00000122711.9,2.9114906832305996e-05,4.4473754803543066e-05
SPOCK2,ENSG00000107742.13,2.9114906832305996e-05,6.214212186951259e-05
NAT1,ENSG00000171428.15,2.9114906832305996e-05,4.447375480354306e-05
CPLX1,ENSG00000168993.15,2.9114906832305996e-05,4.447375480354306e-05
ATP2A3,ENSG00000074370.18,2.9114906832305996e-05,4.4473754803543066e-05
MAPK8IP2,ENSG00000008735.14,2.9114906832305996e-05,4.447375480354306e-05
DMTN,ENSG00000158856.18,2.9114906832305996e-05,4.4473754803543066e-05
FHL1,ENSG00000022267.19,2.9114906832305996e-05,4.4473754803543066e-05
TSPYL5,ENSG00000180543.5,2.9114906832305996e-05,4.447375480354306e-05
MMP3,ENSG00000149968.12,2.9114906832305996e-05,8.734472049691801e-05
PHYHD1,ENSG00000175287.19,2.9114906832305996e-05,4.447375480351884e-05
AR,ENSG00000169083.18,2.9114906832305996e-05,4.4473754803518834e-05
CYFIP2,ENSG00000055163.20,2.9114906832305996e-05,4.4473754803543066e-05
TRIP13,ENSG00000071539.14,2.9114906832305996e-05,4.4473754803543066e-05
GABRE,ENSG00000102287.19,2.9114906832305996e-05,4.4473754803543066e-05
GATA2,ENSG00000179348.12,2.9114906832305996e-05,4.4473754803543066e-05
C7,ENSG00000112936.19,2.9114906832305996e-05,4.4473754803543066e-05
CACNG4,ENSG00000075461.6,2.9114906832305996e-05,4.447375480354306e-05
ENTPD8,ENSG00000188833.10,2.9114906832305996e-05,4.447375480354306e-05
SOCS2,ENSG00000120833.14,2.9114906832305996e-05,4.4473754803543066e-05
H2BC12,ENSG00000197903.8,2.9114906832305996e-05,4.4473754803543066e-05
SMIM22,ENSG00000267795.6,2.9114906832305996e-05,4.447375480354306e-05
SLC7A4,ENSG00000099960.13,2.9114906832305996e-05,4.4473754803543066e-05
RORC,ENSG00000143365.19,2.9114906832305996e-05,4.4473754803543066e-05
HSH2D,ENSG00000196684.12,2.9114906832305996e-05,4.447375480354306e-05
GALNT16,ENSG00000100626.17,2.9114906832294897e-05,4.447375480352611e-05
TPRG1,ENSG00000188001.10,2.9114906832294897e-05,4.447375480352611e-05
CDKN1C,ENSG00000129757.14,2.9114906832294897e-05,4.447375480352611e-05
TPX2,ENSG00000088325.16,2.9114906832294897e-05,8.734472049689703e-05
SPP1,ENSG00000118785.14,2.9114906832294897e-05,4.447375480352611e-05
SPRY1,ENSG00000164056.11,2.9114906832294897e-05,4.447375480352611e-05
LYNX1,ENSG00000180155.20,2.9114906832294897e-05,4.447375480352611e-05
SVEP1,ENSG00000165124.18,2.9114906832294897e-05,4.447375480352611e-05
UGCG,ENSG00000148154.10,2.9114906832294897e-05,4.447375480352611e-05
SERPINA5,ENSG00000188488.14,2.9114906832294897e-05,4.447375480352611e-05
KIF14,ENSG00000118193.12,2.9114906832294897e-05,4.447375480352611e-05
QDPR,ENSG00000151552.12,2.9114906832294897e-05,6.214212186948312e-05
STARD10,ENSG00000214530.9,2.9114906832294897e-05,4.447375480352611e-05
SAA1,ENSG00000173432.12,2.9114906832283794e-05,4.447375480350915e-05
PLIN1,ENSG00000166819.12,2.9114906832283794e-05,4.447375480350915e-05
SGCG,ENSG00000102683.8,2.911490683227269e-05,4.447375480349218e-05
CHGB,ENSG00000089199.10,2.911490683227269e-05,4.447375480349218e-05
APCDD1,ENSG00000154856.13,2.911490683227269e-05,0.00021284658578671396
MGLL,ENSG00000074416.14,1.9409937888226202e-05,3.8819875776452405e-05
ENPP2,ENSG00000136960.13,1.9409937888226202e-05,3.881987577645241e-05
CLEC3B,ENSG00000163815.6,1.9409937888226202e-05,3.8819875776396894e-05
PPP1R3C,ENSG00000119938.9,1.9409937888226202e-05,3.8819875776452405e-05
BMPR1B,ENSG00000138696.11,1.9409937888226202e-05,3.8819875776452405e-05
HPN,ENSG00000105707.14,1.94099378882151e-05,3.881987577640244e-05
NKAIN1,ENSG00000084628.10,1.94099378882151e-05,3.88198757764302e-05
HCAR1,ENSG00000196917.6,1.94099378882151e-05,3.88198757764302e-05
AGR3,ENSG00000173467.9,1.94099378882151e-05,3.88198757764302e-05
FOXJ1,ENSG00000129654.8,1.94099378882151e-05,3.88198757764302e-05
ABCC3,ENSG00000108846.16,1.94099378882151e-05,3.881987577640244e-05
GHR,ENSG00000112964.14,1.94099378882151e-05,3.881987577640244e-05
FBXL16,ENSG00000127585.12,1.94099378882151e-05,3.88198757764302e-05
PLAAT1,ENSG00000127252.7,1.94099378882151e-05,3.88198757764302e-05
NDP,ENSG00000124479.11,1.94099378882151e-05,3.881987577640244e-05
SFRP2,ENSG00000145423.5,1.94099378882151e-05,0.0001045257144242001
HCAR2,ENSG00000182782.8,1.94099378882151e-05,3.88198757764302e-05
FBXL7,ENSG00000183580.10,1.94099378882151e-05,3.88198757764302e-05
GPER1,ENSG00000164850.15,1.94099378882151e-05,3.88198757764302e-05
LRP1B,ENSG00000168702.18,1.94099378882151e-05,3.88198757764302e-05
ANXA1,ENSG00000135046.14,1.9409937888204e-05,0.0001358695652173804
PDGFD,ENSG00000170962.13,1.9409937888204e-05,3.8819875776408e-05
PAQR6,ENSG00000160781.17,1.9409937888204e-05,3.8819875776408e-05
SEZ6L2,ENSG00000174938.14,1.9409937888204e-05,3.8819875776408e-05
FGD3,ENSG00000127084.19,1.9409937888204e-05,3.8819875776408e-05
HOXB13,ENSG00000159184.8,1.9409937888204e-05,3.8819875776408e-05
CELSR1,ENSG00000075275.18,1.9409937888204e-05,3.8819875776408e-05
CXCL12,ENSG00000107562.16,1.9409937888204e-05,3.8819875776408e-05
FABP4,ENSG00000170323.9,1.9409937888204e-05,3.8819875776408e-05
CP,ENSG00000047457.14,1.9409937888204e-05,3.8819875776408e-05
HS6ST3,ENSG00000185352.8,1.9409937888204e-05,3.8819875776408e-05
BST2,ENSG00000130303.13,1.9409937888204e-05,3.8819875776408e-05
NAP1L2,ENSG00000186462.9,1.9409937888204e-05,3.8819875776408e-05
PCP4L1,ENSG00000248485.2,1.9409937888204e-05,3.8819875776408e-05
ATP1B1,ENSG00000143153.13,1.9409937888204e-05,3.8819875776408e-05
CENPW,ENSG00000203760.9,1.9409937888204e-05,3.8819875776408e-05
AQP1,ENSG00000240583.13,1.9409937888204e-05,3.8819875776408e-05
CNTFR,ENSG00000122756.15,1.9409937888204e-05,3.8819875776408e-05
GPR160,ENSG00000173890.17,1.9409937888204e-05,3.8819875776408e-05
H2BC21,ENSG00000184678.10,1.9409937888204e-05,3.8819875776408e-05
ZNF503,ENSG00000165655.17,1.9409937888204e-05,3.8819875776408e-05
CEBPD,ENSG00000221869.5,1.9409937888204e-05,3.8819875776408e-05
CPNE7,ENSG00000178773.15,1.9409937888204e-05,3.8819875776408e-05
NPY2R,ENSG00000185149.6,1.9409937888204e-05,3.8819875776408e-05
SP5,ENSG00000204335.4,1.9409937888204e-05,3.8819875776408e-05
GPR143,ENSG00000101850.13,1.9409937888204e-05,3.8819875776408e-05
CLEC3A,ENSG00000166509.12,1.9409937888204e-05,3.8819875776408e-05
PRSS8,ENSG00000052344.16,1.9409937888204e-05,3.8819875776408e-05
MMP9,ENSG00000100985.7,1.9409937888204e-05,3.8819875776408e-05
B4GALNT3,ENSG00000139044.12,1.9409937888204e-05,3.8819875776408e-05
SORCS2,ENSG00000184985.16,1.9409937888204e-05,0.00010452571442418156
ERICH2,ENSG00000204334.7,1.9409937888204e-05,3.8819875776380244e-05
FGF10,ENSG00000070193.5,1.9409937888204e-05,3.8819875776408e-05
HLF,ENSG00000108924.14,1.9409937888204e-05,0.0001358695652173804
TPPP,ENSG00000171368.12,1.9409937888204e-05,3.881987577638024e-05
PANX2,ENSG00000073150.14,1.9409937888204e-05,3.8819875776408e-05
CRIM1,ENSG00000150938.10,1.9409937888204e-05,3.8819875776408e-05
COX7A1,ENSG00000161281.11,1.9409937888192897e-05,3.8819875776385794e-05
VANGL2,ENSG00000162738.6,1.9409937888192897e-05,5.822981366457868e-05
TMEM145,ENSG00000167619.13,1.9409937888192897e-05,3.8819875776385794e-05
BMP4,ENSG00000125378.16,1.9409937888192897e-05,3.8819875776385794e-05
ABAT,ENSG00000183044.12,1.9409937888192897e-05,3.8819875776385794e-05
GALNT14,ENSG00000158089.15,1.9409937888192897e-05,3.8819875776385794e-05
PBK,ENSG00000168078.10,1.9409937888192897e-05,3.8819875776385794e-05
RGL3,ENSG00000205517.13,1.9409937888192897e-05,3.8819875776385794e-05
DNALI1,ENSG00000163879.11,1.9409937888192897e-05,3.8819875776385794e-05
CTF1,ENSG00000150281.7,1.9409937888192897e-05,5.822981366457868e-05
RALGPS2,ENSG00000116191.17,1.9409937888192897e-05,5.822981366457868e-05
PWWP3B,ENSG00000157502.13,1.9409937888192897e-05,5.822981366457868e-05
AIF1L,ENSG00000126878.13,1.9409937888192897e-05,0.00010452571442418361
AMPH,ENSG00000078053.17,1.9409937888192897e-05,3.8819875776385794e-05
C1orf115,ENSG00000162817.7,1.9409937888192897e-05,3.8819875776385794e-05
CCDC74A,ENSG00000163040.15,1.9409937888192897e-05,3.8819875776385794e-05
PLAAT5,ENSG00000168004.10,1.9409937888192897e-05,5.822981366457868e-05
MAPT,ENSG00000186868.16,1.9409937888192897e-05,3.8819875776385794e-05
C3orf52,ENSG00000114529.13,1.9409937888192897e-05,3.8819875776385794e-05
MKI67,ENSG00000148773.14,1.9409937888192897e-05,3.8819875776385794e-05
GJC3,ENSG00000176402.6,1.9409937888181794e-05,3.881987577636359e-05
KITLG,ENSG00000049130.16,1.9409937888181794e-05,3.881987577636359e-05
CEACAM6,ENSG00000086548.9,1.9409937888181794e-05,3.881987577636359e-05
TMEM121,ENSG00000184986.11,1.9409937888181794e-05,7.262533747621298e-05
CES1,ENSG00000198848.13,1.9409937888181794e-05,3.881987577636359e-05
SYT9,ENSG00000170743.17,1.9409937888181794e-05,3.881987577636359e-05
PLAT,ENSG00000104368.19,1.9409937888181794e-05,3.881987577636359e-05
BCL2,ENSG00000171791.14,1.9409937888181794e-05,3.881987577636359e-05
ETV7,ENSG00000010030.14,1.9409937888181794e-05,3.881987577636359e-05
PTGES,ENSG00000148344.11,1.9409937888181794e-05,3.881987577636359e-05
LEF1,ENSG00000138795.10,9.704968944135305e-06,2.91149068323319e-05
LRRC10B,ENSG00000204950.4,9.704968944124204e-06,2.9114906832298593e-05
REPS2,ENSG00000169891.18,9.704968944113101e-06,2.9114906832265295e-05
RLN2,ENSG00000107014.9,9.704968944113101e-06,2.9114906832302303e-05
GNA14,ENSG00000156049.7,9.704968944113101e-06,6.793478260871242e-05
CBFA2T3,ENSG00000129993.15,9.704968944113101e-06,2.911490683233931e-05
PLAU,ENSG00000122861.16,9.704968944113101e-06,2.91149068323023e-05
IGFBP6,ENSG00000167779.9,9.704968944113101e-06,2.9114906832302303e-05
KLHDC9,ENSG00000162755.14,9.704968944113101e-06,5.2262857212088715e-05
CAMK2N1,ENSG00000162545.6,9.704968944102e-06,2.9114906832306003e-05
CCDC160,ENSG00000203952.9,9.704968944102e-06,2.9114906832306003e-05
RNF183,ENSG00000165188.13,9.704968944102e-06,2.9114906832306003e-05
CBLC,ENSG00000142273.13,9.704968944102e-06,2.9114906832306003e-05
FN1,ENSG00000115414.21,9.704968944102e-06,2.9114906832306e-05
H1-2,ENSG00000187837.4,9.704968944102e-06,2.9114906832306003e-05
IGFL3,ENSG00000188624.3,9.704968944102e-06,2.9114906832306e-05
CXCR3,ENSG00000186810.8,9.704968944102e-06,2.9114906832306e-05
MDK,ENSG00000110492.15,9.704968944102e-06,2.9114906832306003e-05
GASK1A,ENSG00000144649.9,9.704968944102e-06,2.9114906832306003e-05
SRMS,ENSG00000125508.3,9.704968944102e-06,2.9114906832306003e-05
IDO1,ENSG00000131203.13,9.704968944102e-06,2.9114906832306e-05
CACNA1D,ENSG00000157388.19,9.704968944102e-06,2.9114906832306e-05
IKZF3,ENSG00000161405.17,9.704968944102e-06,2.9114906832306003e-05
CST7,ENSG00000077984.6,9.704968944102e-06,2.9114906832306e-05
ADAMTS16,ENSG00000145536.15,9.704968944102e-06,2.9114906832306e-05
SHROOM1,ENSG00000164403.15,9.704968944102e-06,2.9114906832306e-05
CD27,ENSG00000139193.4,9.704968944102e-06,2.9114906832306e-05
OR2I1P,ENSG00000237988.5,9.704968944102e-06,2.9114906832306003e-05
CHRD,ENSG00000090539.15,9.704968944102e-06,2.9114906832306003e-05
CLMP,ENSG00000166250.12,9.704968944102e-06,2.9114906832306003e-05
XBP1,ENSG00000100219.16,9.704968944102e-06,2.9114906832306e-05
EFNA3,ENSG00000143590.14,9.704968944102e-06,2.9114906832306003e-05
TBX1,ENSG00000184058.14,9.704968944102e-06,2.9114906832306003e-05
PLPPR3,ENSG00000129951.19,9.704968944102e-06,2.9114906832306e-05
EDN2,ENSG00000127129.10,9.704968944102e-06,9.155649390585357e-05
PCP2,ENSG00000174788.10,9.704968944102e-06,2.9114906832306e-05
COL6A2,ENSG00000142173.16,9.704968944090897e-06,2.911490683227269e-05
RTN4RL1,ENSG00000185924.7,9.704968944090897e-06,2.911490683227269e-05
SBSN,ENSG00000189001.11,9.704968944090897e-06,2.911490683227269e-05
CD3D,ENSG00000167286.10,9.704968944090897e-06,2.911490683227269e-05
LTB,ENSG00000227507.3,9.704968944090897e-06,2.911490683227269e-05
CST5,ENSG00000170367.5,9.704968944090897e-06,2.911490683227269e-05
ST6GALNAC5,ENSG00000117069.15,9.704968944090897e-06,2.911490683227269e-05
CAPN9,ENSG00000135773.13,9.704968944090897e-06,2.911490683227269e-05
GZMB,ENSG00000100453.13,9.704968944090897e-06,2.911490683227269e-05
SERPINE1,ENSG00000106366.9,9.704968944090897e-06,2.911490683227269e-05
CD3E,ENSG00000198851.10,9.704968944090897e-06,2.911490683227269e-05
SRARP,ENSG00000183888.4,9.704968944090897e-06,2.911490683227269e-05
TK1,ENSG00000167900.12,9.704968944090897e-06,2.911490683227269e-05
CYP4Z1,ENSG00000186160.5,9.704968944090897e-06,2.911490683227269e-05
CPA4,ENSG00000128510.12,9.704968944090897e-06,2.911490683227269e-05
PAMR1,ENSG00000149090.12,9.704968944090897e-06,0.00011022725826475828
CRACR2B,ENSG00000177685.17,9.704968944090897e-06,2.911490683227269e-05
CSAG1,ENSG00000198930.13,9.704968944090897e-06,2.911490683227269e-05
CXCL11,ENSG00000169248.13,9.704968944090897e-06,2.911490683227269e-05
SIT1,ENSG00000137078.9,9.704968944090897e-06,2.911490683227269e-05
GDPD3,ENSG00000102886.15,9.704968944090897e-06,2.911490683227269e-05
CGA,ENSG00000135346.9,9.704968944090897e-06,2.911490683227269e-05
CXCL10,ENSG00000169245.6,9.704968944090897e-06,2.911490683227269e-05
SPRR1B,ENSG00000169469.9,9.704968944090897e-06,2.911490683227269e-05
H2BC7,ENSG00000277224.2,9.704968944090897e-06,2.911490683227269e-05
DLX5,ENSG00000105880.7,9.704968944090897e-06,2.911490683227269e-05
MMP10,ENSG00000166670.10,9.704968944090897e-06,2.911490683227269e-05
CDO1,ENSG00000129596.5,9.704968944090897e-06,2.911490683227269e-05
IGF1R,ENSG00000140443.15,9.704968944090897e-06,2.911490683227269e-05
IL33,ENSG00000137033.11,9.704968944079794e-06,0.00011022725826475926
SBK1,ENSG00000188322.8,9.704968944079794e-06,0.0001261645962732679
TPD52L1,ENSG00000111907.21,6.661338147750939e-17,5.438959822042074e-17
BUB1B,ENSG00000156970.13,5.551115123125783e-17,5.551115123125783e-17
NPR1,ENSG00000169418.10,3.3306690738754695e-17,5.087681048627601e-17
GDF10,ENSG00000266524.3,2.2204460492503132e-17,4.440892098500627e-17
ASPM,ENSG00000066279.18,2.2204460492503132e-17,4.440892098500627e-17
GXYLT2,ENSG00000172986.13,2.2204460492503132e-17,4.440892098500627e-17
PTK6,ENSG00000101213.7,2.2204460492503132e-17,4.440892098500627e-17
ISM1,ENSG00000101230.6,2.2204460492503132e-17,4.440892098500627e-17
CHRDL1,ENSG00000101938.15,2.2204460492503132e-17,4.440892098500627e-17
CBX2,ENSG00000173894.11,1.1102230246251566e-17,0.00015034873238385456
KRT7,ENSG00000135480.16,1.1102230246251566e-17,3.33066907387547e-17
INSYN2A,ENSG00000188916.9,1.1102230246251566e-17,3.33066907387547e-17
IRS1,ENSG00000169047.5,1.1102230246251566e-17,3.33066907387547e-17
KIF20A,ENSG00000112984.12,1.1102230246251566e-17,3.33066907387547e-17
SYT7,ENSG00000011347.10,1.1102230246251566e-17,3.33066907387547e-17
EGFL6,ENSG00000198759.12,1.1102230246251566e-17,3.33066907387547e-17
EGFR,ENSG00000146648.19,1.1102230246251566e-17,7.517436619193444e-05
CYP4X1,ENSG00000186377.8,1.1102230246251566e-17,3.33066907387547e-17
SFRP1,ENSG00000104332.12,1.1102230246251566e-17,3.33066907387547e-17
C4orf19,ENSG00000154274.15,1.1102230246251566e-17,3.33066907387547e-17
CDC45,ENSG00000093009.11,1.1102230246251566e-17,3.33066907387547e-17
CMBL,ENSG00000164237.9,1.1102230246251566e-17,3.33066907387547e-17
LEPR,ENSG00000116678.20,1.1102230246251566e-17,3.33066907387547e-17
COL8A1,ENSG00000144810.16,1.1102230246251566e-17,3.33066907387547e-17
SHISA2,ENSG00000180730.5,1.1102230246251566e-17,3.33066907387547e-17
MYH11,ENSG00000133392.18,1.1102230246251566e-17,8.680388111412089e-05
CELSR2,ENSG00000143126.8,0.0,0.0
RAB30,ENSG00000137502.10,0.0,0.0
CRYM,ENSG00000103316.12,0.0,0.0
CHST3,ENSG00000122863.6,0.0,0.0
CHRM1,ENSG00000168539.4,0.0,0.0
PODXL2,ENSG00000114631.11,0.0,0.0
NCALD,ENSG00000104490.18,0.0,0.0
HLA-DPA1,ENSG00000231389.7,0.0,0.0
CHRDL2,ENSG00000054938.16,0.0,0.0
PCP4,ENSG00000183036.11,0.0,0.0
NFIX,ENSG00000008441.18,0.0,0.0
TESMIN,ENSG00000132749.11,0.0,0.0
ISLR,ENSG00000129009.13,0.0,0.0
AHNAK2,ENSG00000185567.7,0.0,0.0
PDE5A,ENSG00000138735.16,0.0,0.0
SNPH,ENSG00000101298.15,0.0,0.0
RCAN1,ENSG00000159200.18,0.0,0.0
HR,ENSG00000168453.15,0.0,0.0
ENO2,ENSG00000111674.9,0.0,0.0
TUSC3,ENSG00000104723.21,0.0,0.0
CCNA2,ENSG00000145386.11,0.0,0.0
CLDN4,ENSG00000189143.9,0.0,0.0
RGS5,ENSG00000143248.13,0.0,0.0
NRIP1,ENSG00000180530.11,0.0,0.0
LTBP2,ENSG00000119681.12,0.0,0.0
ADGRG6,ENSG00000112414.15,0.0,0.0
ALX4,ENSG00000052850.8,0.0,0.0
APOE,ENSG00000130203.10,0.0,0.0
ACER2,ENSG00000177076.6,0.0,0.0
CNFN,ENSG00000105427.10,0.0,0.0
CA11,ENSG00000063180.9,0.0,0.0
IER3,ENSG00000137331.12,0.0,0.0
CMYA5,ENSG00000164309.15,0.0,0.0
FCGR3A,ENSG00000203747.12,0.0,0.0
SLC24A3,ENSG00000185052.12,0.0,0.0
RGS22,ENSG00000132554.20,0.0,0.0
RUNX3,ENSG00000020633.19,0.0,0.0
AFP,ENSG00000081051.8,0.0,0.0
SEZ6L,ENSG00000100095.19,0.0,0.0
RAB25,ENSG00000132698.15,0.0,0.0
CD69,ENSG00000110848.8,0.0,0.0
YBX2,ENSG00000006047.13,0.0,0.0
CACNA2D2,ENSG00000007402.12,0.0,0.0
CCNE1,ENSG00000105173.14,0.0,0.0
PTPRC,ENSG00000081237.20,0.0,0.0
PHLDA2,ENSG00000181649.8,0.0,0.0
C4orf48,ENSG00000243449.6,0.0,0.0
JPH1,ENSG00000104369.5,0.0,0.0
ITGA2,ENSG00000164171.11,0.0,0.0
GREB1L,ENSG00000141449.15,0.0,0.0
CDC6,ENSG00000094804.12,0.0,0.0
MACC1,ENSG00000183742.13,0.0,0.0
UPK3A,ENSG00000100373.10,0.0,0.0
ST6GALNAC2,ENSG00000070731.11,0.0,0.0
FAM83B,ENSG00000168143.9,0.0,0.0
GAS1,ENSG00000180447.7,0.0,0.0
SGK3,ENSG00000104205.16,0.0,0.0
GIMAP7,ENSG00000179144.5,0.0,0.0
GHRH,ENSG00000118702.9,0.0,0.0
FZD8,ENSG00000177283.7,0.0,0.0
ATP13A5,ENSG00000187527.11,0.0,0.0
CD7,ENSG00000173762.8,0.0,0.0
PLAAT3,ENSG00000176485.12,0.0,0.0
GBP4,ENSG00000162654.9,0.0,0.0
SLC4A8,ENSG00000050438.17,0.0,0.0
C1S,ENSG00000182326.15,0.0,0.0
MT2A,ENSG00000125148.7,0.0,0.0
HSPA6,ENSG00000173110.8,0.0,0.0
TRIM36,ENSG00000152503.10,0.0,0.0
GLB1L2,ENSG00000149328.15,0.0,0.0
RBP5,ENSG00000139194.8,0.0,0.0
PID1,ENSG00000153823.19,0.0,0.0
HLA-DQB1,ENSG00000179344.16,0.0,0.0
TM7SF2,ENSG00000149809.16,0.0,0.0
SPARCL1,ENSG00000152583.12,0.0,0.0
WNT4,ENSG00000162552.15,0.0,0.0
SORBS2,ENSG00000154556.18,0.0,0.0
MFGE8,ENSG00000140545.15,0.0,0.0
AQP9,ENSG00000103569.10,0.0,0.0
P2RY10,ENSG00000078589.13,0.0,0.0
NDRG1,ENSG00000104419.17,0.0,0.0
DEPDC1,ENSG00000024526.17,0.0,0.0
HLA-DQA1,ENSG00000196735.13,0.0,0.0
CRYBG1,ENSG00000112297.18,0.0,0.0
ADAMTS12,ENSG00000151388.11,0.0,0.0
LIMCH1,ENSG00000064042.18,0.0,0.0
CEACAM1,ENSG00000079385.23,0.0,0.0
ENTPD3,ENSG00000168032.10,0.0,0.0
ALKAL2,ENSG00000189292.16,0.0,0.0
HPDL,ENSG00000186603.6,0.0,0.0
EPN3,ENSG00000049283.18,0.0,0.0
NSG1,ENSG00000168824.14,0.0,0.0
SLIT3,ENSG00000184347.15,0.0,0.0
SH3BGRL,ENSG00000131171.13,0.0,0.0
PYCARD,ENSG00000103490.14,0.0,0.0
MFSD6L,ENSG00000185156.6,0.0,0.0
CD163,ENSG00000177575.13,0.0,0.0
ENPP1,ENSG00000197594.13,0.0,0.0
H2BC17,ENSG00000274641.2,0.0,0.0
PXMP4,ENSG00000101417.12,0.0,0.0
FZD6,ENSG00000164930.12,0.0,0.0
CCDC74B,ENSG00000152076.19,0.0,0.0
TWIST1,ENSG00000122691.13,0.0,0.0
MCIDAS,ENSG00000234602.9,0.0,0.0
KCNG1,ENSG00000026559.14,0.0,0.0
SMYD1,ENSG00000115593.15,0.0,0.0
NAV2,ENSG00000166833.22,0.0,0.0
SLC16A1,ENSG00000155380.12,0.0,0.0
LGALS7B,ENSG00000178934.5,0.0,0.0
OSR2,ENSG00000164920.9,0.0,0.0
MID1,ENSG00000101871.16,0.0,0.0
CCNB2,ENSG00000157456.8,0.0,0.0
PTPRZ1,ENSG00000106278.12,0.0,0.0
SRPK3,ENSG00000184343.11,0.0,0.0
RHOBTB3,ENSG00000164292.13,0.0,0.0
SPRR3,ENSG00000163209.15,0.0,0.0
PRSS23,ENSG00000150687.12,0.0,0.0
RTP4,ENSG00000136514.3,0.0,0.0
RASAL1,ENSG00000111344.11,0.0,0.0
TNIK,ENSG00000154310.17,0.0,0.0
AK4,ENSG00000162433.15,0.0,0.0
CCL2,ENSG00000108691.9,0.0,0.0
FAM110B,ENSG00000169122.11,0.0,0.0
TC2N,ENSG00000165929.13,0.0,0.0
TMPRSS13,ENSG00000137747.16,0.0,0.0
MPP7,ENSG00000150054.18,0.0,0.0
NID2,ENSG00000087303.18,0.0,0.0
GLDC,ENSG00000178445.10,0.0,0.0
TACC1,ENSG00000147526.20,0.0,0.0
HTRA1,ENSG00000166033.13,0.0,0.0
TRPS1,ENSG00000104447.13,0.0,0.0
ANOS1,ENSG00000011201.12,0.0,0.0
CHODL,ENSG00000154645.14,0.0,0.0
HEY2,ENSG00000135547.9,0.0,0.0
SPANXB1,ENSG00000227234.2,0.0,0.0
PKDCC,ENSG00000162878.13,0.0,0.0
FCN2,ENSG00000160339.16,0.0,0.0
ANTXR1,ENSG00000169604.20,0.0,0.0
CENPA,ENSG00000115163.15,0.0,0.0
SLC22A17,ENSG00000092096.18,0.0,0.0
PRRT1B,ENSG00000283526.1,0.0,0.0
LFNG,ENSG00000106003.13,0.0,0.0
SSC5D,ENSG00000179954.16,0.0,0.0
SLC38A1,ENSG00000111371.16,0.0,0.0
ABO,ENSG00000175164.15,0.0,0.0
TRPV6,ENSG00000165125.22,0.0,0.0
SECTM1,ENSG00000141574.8,0.0,0.0
SOX2,ENSG00000181449.4,0.0,0.0
ZFP36L2,ENSG00000152518.8,0.0,0.0
COL22A1,ENSG00000169436.17,0.0,0.0
TENT5C,ENSG00000183508.5,0.0,0.0
ACSL1,ENSG00000151726.15,0.0,0.0
HMMR,ENSG00000072571.20,0.0,0.0
MMP2,ENSG00000087245.13,0.0,0.0
EGFL7,ENSG00000172889.16,0.0,0.0
SERINC2,ENSG00000168528.12,0.0,0.0
CGREF1,ENSG00000138028.16,0.0,0.0
ETNK2,ENSG00000143845.15,0.0,0.0
UPK1A,ENSG00000105668.7,0.0,0.0
SLC9A3R1,ENSG00000109062.12,0.0,0.0
CAP2,ENSG00000112186.12,0.0,0.0
LAMA2,ENSG00000196569.13,0.0,0.0
TCEAL3,ENSG00000196507.11,0.0,0.0
RASSF6,ENSG00000169435.14,0.0,0.0
EGLN3,ENSG00000129521.15,0.0,0.0
ICAM1,ENSG00000090339.9,0.0,0.0
SOX9,ENSG00000125398.8,0.0,0.0
HSD11B1,ENSG00000117594.10,0.0,0.0
TMEM64,ENSG00000180694.14,0.0,0.0
ASPHD1,ENSG00000174939.11,0.0,0.0
CCN2,ENSG00000118523.6,0.0,0.0
LDHB,ENSG00000111716.14,0.0,0.0
MYLK,ENSG00000065534.19,0.0,0.0
RASEF,ENSG00000165105.10,0.0,0.0
JPH2,ENSG00000149596.7,0.0,0.0
FAT1,ENSG00000083857.14,0.0,0.0
PTGS2,ENSG00000073756.12,0.0,0.0
TESC,ENSG00000088992.18,0.0,0.0
LMO4,ENSG00000143013.13,0.0,0.0
PTK7,ENSG00000112655.16,0.0,0.0
ST6GAL1,ENSG00000073849.16,0.0,0.0
DSG1,ENSG00000134760.6,0.0,0.0
CACNG6,ENSG00000130433.7,0.0,0.0
DHCR24,ENSG00000116133.13,0.0,0.0
MRPS30,ENSG00000112996.11,0.0,0.0
TUBA3E,ENSG00000152086.9,0.0,0.0
CCL3L3,ENSG00000276085.1,0.0,0.0
MXRA8,ENSG00000162576.17,0.0,0.0
PMAIP1,ENSG00000141682.12,0.0,0.0
ZNF521,ENSG00000198795.11,0.0,0.0
PM20D2,ENSG00000146281.6,0.0,0.0
CTSV,ENSG00000136943.11,0.0,0.0
TAFA3,ENSG00000184599.13,0.0,0.0
SLC39A8,ENSG00000138821.13,0.0,0.0
CLIP4,ENSG00000115295.20,0.0,0.0
H4C5,ENSG00000276966.2,0.0,0.0
IFITM1,ENSG00000185885.16,0.0,0.0
APCDD1L,ENSG00000198768.11,0.0,0.0
NME5,ENSG00000112981.5,0.0,0.0
SYTL4,ENSG00000102362.15,0.0,0.0
LPAR3,ENSG00000171517.6,0.0,0.0
QPCT,ENSG00000115828.17,0.0,0.0
FA2H,ENSG00000103089.9,0.0,0.0
NBPF6,ENSG00000186086.18,0.0,0.0
HAS3,ENSG00000103044.11,0.0,0.0
FOLR2,ENSG00000165457.14,0.0,0.0
PTGIS,ENSG00000124212.6,0.0,0.0
KCNC3,ENSG00000131398.15,0.0,0.0
ROPN1,ENSG00000065371.17,0.0,0.0
ZNF92,ENSG00000146757.14,0.0,0.0
KRTDAP,ENSG00000188508.11,0.0,0.0
CDCP1,ENSG00000163814.8,0.0,0.0
IFIT3,ENSG00000119917.14,0.0,0.0
ZNF750,ENSG00000141579.7,0.0,0.0
SLAMF7,ENSG00000026751.17,0.0,0.0
IL2RB,ENSG00000100385.14,0.0,0.0
MRC1,ENSG00000260314.3,0.0,0.0
CAPSL,ENSG00000152611.12,0.0,0.0
ALPL,ENSG00000162551.14,0.0,0.0
FAM83A,ENSG00000147689.16,0.0,0.0
DLX1,ENSG00000144355.15,0.0,0.0
PDE3B,ENSG00000152270.9,0.0,0.0
SIX3,ENSG00000138083.5,0.0,0.0
EGF,ENSG00000138798.13,0.0,0.0
IQGAP2,ENSG00000145703.16,0.0,0.0
LURAP1L,ENSG00000153714.6,0.0,0.0
SEPTIN3,ENSG00000100167.20,0.0,0.0
KYNU,ENSG00000115919.15,0.0,0.0
NR4A2,ENSG00000153234.15,0.0,0.0
MCCD1,ENSG00000204511.3,0.0,0.0
SLC9A2,ENSG00000115616.3,0.0,0.0
DEPP1,ENSG00000165507.9,0.0,0.0
IL27RA,ENSG00000104998.4,0.0,0.0
SLC49A3,ENSG00000169026.13,0.0,0.0
TSPAN12,ENSG00000106025.9,0.0,0.0
ITPR1,ENSG00000150995.20,0.0,0.0
HSPB1,ENSG00000106211.10,0.0,0.0
NPPC,ENSG00000163273.4,0.0,0.0
NRCAM,ENSG00000091129.21,0.0,0.0
ADAM8,ENSG00000151651.16,0.0,0.0
ECM2,ENSG00000106823.12,0.0,0.0
WNT6,ENSG00000115596.4,0.0,0.0
CCR5,ENSG00000160791.13,0.0,0.0
BRINP1,ENSG00000078725.13,0.0,0.0
EIF4EBP1,ENSG00000187840.5,0.0,0.0
MELTF,ENSG00000163975.12,0.0,0.0
CD8A,ENSG00000153563.16,0.0,0.0
SLC17A9,ENSG00000101194.18,0.0,0.0
ABCA9,ENSG00000154258.17,0.0,0.0
C14orf132,ENSG00000227051.7,0.0,0.0
SORCS1,ENSG00000108018.15,0.0,0.0
HERC6,ENSG00000138642.15,0.0,0.0
FERMT1,ENSG00000101311.16,0.0,0.0
PIEZO2,ENSG00000154864.13,0.0,0.0
TRIM2,ENSG00000109654.16,0.0,0.0
CCL4L2,ENSG00000276070.5,0.0,0.0
CNTN1,ENSG00000018236.15,0.0,0.0
TMEM213,ENSG00000214128.11,0.0,0.0
NBL1,ENSG00000158747.15,0.0,0.0
ITPRID2,ENSG00000138434.17,0.0,0.0
RANBP3L,ENSG00000164188.9,0.0,0.0
ENTPD5,ENSG00000187097.13,0.0,0.0
PRKACB,ENSG00000142875.19,0.0,0.0
DLX3,ENSG00000064195.7,0.0,0.0
ADRA2C,ENSG00000184160.8,0.0,0.0
OLR1,ENSG00000173391.9,0.0,0.0
CAMK2B,ENSG00000058404.20,0.0,0.0
HES6,ENSG00000144485.11,0.0,0.0
IFI44,ENSG00000137965.11,0.0,0.0
RECQL4,ENSG00000160957.14,0.0,0.0
DEFB132,ENSG00000186458.5,0.0,0.0
SLC44A5,ENSG00000137968.16,0.0,0.0
PRKAA2,ENSG00000162409.11,0.0,0.0
PTPRU,ENSG00000060656.20,0.0,0.0
TTC36,ENSG00000172425.12,0.0,0.0
STK26,ENSG00000134602.16,0.0,0.0
MAN1A1,ENSG00000111885.7,0.0,0.0
PPP1R16B,ENSG00000101445.10,0.0,0.0
PROM2,ENSG00000155066.16,0.0,0.0
SESN3,ENSG00000149212.12,0.0,0.0
MPEG1,ENSG00000197629.6,0.0,0.0
SAMD5,ENSG00000203727.4,0.0,0.0
GADD45G,ENSG00000130222.11,0.0,0.0
BEX5,ENSG00000184515.11,0.0,0.0
BCL2A1,ENSG00000140379.9,0.0,0.0
RASD2,ENSG00000100302.7,0.0,0.0
ZBTB7C,ENSG00000184828.10,0.0,0.0
CDK6,ENSG00000105810.10,0.0,0.0
BIK,ENSG00000100290.3,0.0,0.0
IL12RB2,ENSG00000081985.13,0.0,0.0
ATRNL1,ENSG00000107518.18,0.0,0.0
SAMD9,ENSG00000205413.8,0.0,0.0
PRSS16,ENSG00000112812.16,0.0,0.0
ASPH,ENSG00000198363.18,0.0,0.0
GBP1,ENSG00000117228.10,0.0,0.0
ARHGEF38,ENSG00000236699.9,0.0,0.0
HID1,ENSG00000167861.16,0.0,0.0
TCF7L1,ENSG00000152284.5,0.0,0.0
CDH2,ENSG00000170558.10,0.0,0.0
PNPLA3,ENSG00000100344.11,0.0,0.0
CSN1S1,ENSG00000126545.14,0.0,0.0
EFCC1,ENSG00000114654.7,0.0,0.0
PCDHGB5,ENSG00000276547.1,0.0,0.0
GTSE1,ENSG00000075218.19,0.0,0.0
ITGB4,ENSG00000132470.14,0.0,0.0
HDC,ENSG00000140287.11,0.0,0.0
WNT5A,ENSG00000114251.15,0.0,0.0
SYNPO2L,ENSG00000166317.12,0.0,0.0
AIM2,ENSG00000163568.15,0.0,0.0
RAB17,ENSG00000124839.13,0.0,0.0
GSDMC,ENSG00000147697.9,0.0,0.0
FAM171A1,ENSG00000148468.17,0.0,0.0
CPE,ENSG00000109472.14,0.0,0.0
ACTA2,ENSG00000107796.13,0.0,0.0
PIK3C2G,ENSG00000139144.11,0.0,0.0
SCG2,ENSG00000171951.5,0.0,0.0
EPPK1,ENSG00000261150.3,0.0,0.0
RAB36,ENSG00000100228.12,0.0,0.0
S100A16,ENSG00000188643.11,0.0,0.0
CTSK,ENSG00000143387.14,0.0,0.0
RGMA,ENSG00000182175.14,0.0,0.0
CGN,ENSG00000143375.15,0.0,0.0
TAFA5,ENSG00000219438.9,0.0,0.0
SCD5,ENSG00000145284.12,0.0,0.0
PDLIM3,ENSG00000154553.16,0.0,0.0
LGALS2,ENSG00000100079.7,0.0,0.0
PCDH10,ENSG00000138650.9,0.0,0.0
THPO,ENSG00000090534.20,0.0,0.0
EFS,ENSG00000100842.13,0.0,0.0
SCUBE1,ENSG00000159307.19,0.0,0.0
CCN6,ENSG00000112761.21,0.0,0.0
CCDC3,ENSG00000151468.11,0.0,0.0
H3C2,ENSG00000286522.2,0.0,0.0
SQLE,ENSG00000104549.12,0.0,0.0
RIPPLY3,ENSG00000183145.9,0.0,0.0
LRATD1,ENSG00000162981.14,0.0,0.0
HMGB3,ENSG00000029993.15,0.0,0.0
ROBO2,ENSG00000185008.17,0.0,0.0
ZIC2,ENSG00000043355.12,0.0,0.0
CDH11,ENSG00000140937.14,0.0,0.0
FUT2,ENSG00000176920.13,0.0,0.0
GPC6,ENSG00000183098.11,0.0,0.0
S100A6,ENSG00000197956.10,0.0,0.0
CCDC85B,ENSG00000175602.4,0.0,0.0
PXDNL,ENSG00000147485.13,0.0,0.0
NCAPG,ENSG00000109805.10,0.0,0.0
ANGPTL2,ENSG00000136859.10,0.0,0.0
CRTAC1,ENSG00000095713.14,0.0,0.0
GZMK,ENSG00000113088.6,0.0,0.0
NRN1,ENSG00000124785.9,0.0,0.0
GOLGA8A,ENSG00000175265.17,0.0,0.0
HHIPL2,ENSG00000143512.13,0.0,0.0
ADAM33,ENSG00000149451.18,0.0,0.0
E2F1,ENSG00000101412.13,0.0,0.0
TMEM176A,ENSG00000002933.9,0.0,0.0
GPM6B,ENSG00000046653.15,0.0,0.0
RASGRP1,ENSG00000172575.12,0.0,0.0
CGNL1,ENSG00000128849.11,0.0,0.0
ABCC8,ENSG00000006071.15,0.0,0.0
ATAD3C,ENSG00000215915.10,0.0,0.0
FYB2,ENSG00000187889.13,0.0,0.0
CD1A,ENSG00000158477.7,0.0,0.0
POU2AF1,ENSG00000110777.12,0.0,0.0
TMEM37,ENSG00000171227.7,0.0,0.0
TMEM176B,ENSG00000106565.18,0.0,0.0
NXPH3,ENSG00000182575.8,0.0,0.0
MT-ATP8,ENSG00000228253.1,0.0,0.0
SPTBN2,ENSG00000173898.14,0.0,0.0
EPHB3,ENSG00000182580.3,0.0,0.0
EFNB3,ENSG00000108947.5,0.0,0.0
PRODH,ENSG00000100033.16,0.0,0.0
IL32,ENSG00000008517.18,0.0,0.0
ANGPTL7,ENSG00000171819.5,0.0,0.0
RSPH1,ENSG00000160188.10,0.0,0.0
IL17RE,ENSG00000163701.19,0.0,0.0
IFIT2,ENSG00000119922.10,0.0,0.0
HMCN1,ENSG00000143341.12,0.0,0.0
ITIH6,ENSG00000102313.9,0.0,0.0
ZIC1,ENSG00000152977.10,0.0,0.0
COL4A6,ENSG00000197565.16,0.0,0.0
MFSD2A,ENSG00000168389.18,0.0,0.0
SLC35F3,ENSG00000183780.13,0.0,0.0
SPIB,ENSG00000269404.7,0.0,0.0
FOSL1,ENSG00000175592.9,0.0,0.0
CR2,ENSG00000117322.18,0.0,0.0
IRS2,ENSG00000185950.9,0.0,0.0
ELOVL5,ENSG00000012660.14,0.0,0.0
PRF1,ENSG00000180644.8,0.0,0.0
ABHD2,ENSG00000140526.18,0.0,0.0
TSPAN13,ENSG00000106537.8,0.0,0.0
TMEM139,ENSG00000178826.11,0.0,0.0
SNAP25,ENSG00000132639.13,0.0,0.0
CD109,ENSG00000156535.15,0.0,0.0
MIEN1,ENSG00000141741.12,0.0,0.0
SERPINF1,ENSG00000132386.11,0.0,0.0
TMEM101,ENSG00000091947.10,0.0,0.0
DDR2,ENSG00000162733.19,0.0,0.0
SOCS3,ENSG00000184557.4,0.0,0.0
LGR4,ENSG00000205213.14,0.0,0.0
GLYAT,ENSG00000149124.11,0.0,0.0
PCSK6,ENSG00000140479.18,0.0,0.0
STEAP1,ENSG00000164647.9,0.0,0.0
GZMM,ENSG00000197540.8,0.0,0.0
IL2RG,ENSG00000147168.13,0.0,0.0
HSPG2,ENSG00000142798.20,0.0,0.0
ASTN2,ENSG00000148219.17,0.0,0.0
TFAP2C,ENSG00000087510.7,0.0,0.0
NETO2,ENSG00000171208.10,0.0,0.0
NTN1,ENSG00000065320.9,0.0,0.0
CKMT1B,ENSG00000237289.10,0.0,0.0
TNNI2,ENSG00000130598.16,0.0,0.0
KIF13B,ENSG00000197892.13,0.0,0.0
GSC,ENSG00000133937.5,0.0,0.0
SLC4A11,ENSG00000088836.14,0.0,0.0
RSPO1,ENSG00000169218.14,0.0,0.0
SLFN13,ENSG00000154760.14,0.0,0.0
CMPK2,ENSG00000134326.11,0.0,0.0
PARM1,ENSG00000169116.11,0.0,0.0
TGFA,ENSG00000163235.16,0.0,0.0
ANXA8L1,ENSG00000264230.9,0.0,0.0
CES3,ENSG00000172828.13,0.0,0.0
NFASC,ENSG00000163531.15,0.0,0.0
FABP5,ENSG00000164687.11,0.0,0.0
MS4A8,ENSG00000166959.8,0.0,0.0
NRTN,ENSG00000171119.2,0.0,0.0
TDRD5,ENSG00000162782.16,0.0,0.0
GZMH,ENSG00000100450.13,0.0,0.0
MRPL12,ENSG00000262814.8,0.0,0.0
KCNMB1,ENSG00000145936.9,0.0,0.0
TPM2,ENSG00000198467.16,0.0,0.0
FHL2,ENSG00000115641.19,0.0,0.0
LAPTM4B,ENSG00000104341.17,0.0,0.0
FGFR1,ENSG00000077782.21,0.0,0.0
AMBP,ENSG00000106927.12,0.0,0.0
SLC7A10,ENSG00000130876.11,0.0,0.0
CYBB,ENSG00000165168.8,0.0,0.0
FBLN5,ENSG00000140092.14,0.0,0.0
CKMT1A,ENSG00000223572.10,0.0,0.0
PFKP,ENSG00000067057.18,0.0,0.0
TWIST2,ENSG00000233608.4,0.0,0.0
FBLN1,ENSG00000077942.19,0.0,0.0
MUC16,ENSG00000181143.15,0.0,0.0
GDF9,ENSG00000164404.8,0.0,0.0
FAM110C,ENSG00000184731.6,0.0,0.0
PDLIM4,ENSG00000131435.13,0.0,0.0
ARTN,ENSG00000117407.17,0.0,0.0
TMEM40,ENSG00000088726.16,0.0,0.0
TACR1,ENSG00000115353.11,0.0,0.0
DDIT4,ENSG00000168209.5,0.0,0.0
GNLY,ENSG00000115523.17,0.0,0.0
NR4A3,ENSG00000119508.18,0.0,0.0
TAP1,ENSG00000168394.11,0.0,0.0
SERPINA3,ENSG00000196136.18,0.0,0.0
PIFO,ENSG00000173947.14,0.0,0.0
PFKFB3,ENSG00000170525.21,0.0,0.0
C1QTNF3,ENSG00000082196.21,0.0,0.0
H2AJ,ENSG00000246705.4,0.0,0.0
NUDT8,ENSG00000167799.10,0.0,0.0
RNF39,ENSG00000204618.8,0.0,0.0
PYGL,ENSG00000100504.17,0.0,0.0
SCIN,ENSG00000006747.15,0.0,0.0
TNFRSF19,ENSG00000127863.16,0.0,0.0
TTK,ENSG00000112742.10,0.0,0.0
SDK2,ENSG00000069188.17,0.0,0.0
BOC,ENSG00000144857.14,0.0,0.0
GOLT1A,ENSG00000174567.8,0.0,0.0
FGF1,ENSG00000113578.18,0.0,0.0
RGS4,ENSG00000117152.14,0.0,0.0
H1-4,ENSG00000168298.7,0.0,0.0
BCHE,ENSG00000114200.10,0.0,0.0
PDGFRA,ENSG00000134853.12,0.0,0.0
MPP2,ENSG00000108852.15,0.0,0.0
CPED1,ENSG00000106034.18,0.0,0.0
PLEKHA4,ENSG00000105559.12,0.0,0.0
ACKR3,ENSG00000144476.6,0.0,0.0
UGDH,ENSG00000109814.12,0.0,0.0
LOX,ENSG00000113083.15,0.0,0.0
RND3,ENSG00000115963.13,0.0,0.0
SPATA18,ENSG00000163071.11,0.0,0.0
OAS3,ENSG00000111331.13,0.0,0.0
DST,ENSG00000151914.20,0.0,0.0
GBP3,ENSG00000117226.12,0.0,0.0
CTSW,ENSG00000172543.8,0.0,0.0
PLEKHG4B,ENSG00000153404.14,0.0,0.0
ATP1A4,ENSG00000132681.17,0.0,0.0
MYBL1,ENSG00000185697.16,0.0,0.0
CERS6,ENSG00000172292.15,0.0,0.0
ENTPD2,ENSG00000054179.12,0.0,0.0
MEST,ENSG00000106484.16,0.0,0.0
FFAR2,ENSG00000126262.5,0.0,0.0
C1orf21,ENSG00000116667.15,0.0,0.0
ACVR1C,ENSG00000123612.16,0.0,0.0
STX19,ENSG00000178750.3,0.0,0.0
SMKR1,ENSG00000240204.3,0.0,0.0
ITPR2,ENSG00000123104.12,0.0,0.0
H2AC6,ENSG00000180573.9,0.0,0.0
NOXA1,ENSG00000188747.8,0.0,0.0
TIMP3,ENSG00000100234.12,0.0,0.0
FGG,ENSG00000171557.17,0.0,0.0
IGDCC3,ENSG00000174498.14,0.0,0.0
IL17RD,ENSG00000144730.19,0.0,0.0
RCOR2,ENSG00000167771.6,0.0,0.0
SLC38A3,ENSG00000188338.15,0.0,0.0
GPR183,ENSG00000169508.7,0.0,0.0
SHC2,ENSG00000129946.10,0.0,0.0
PTPN13,ENSG00000163629.13,0.0,0.0
COLEC12,ENSG00000158270.12,0.0,0.0
COBL,ENSG00000106078.19,0.0,0.0
PRRT3,ENSG00000163704.12,0.0,0.0
KISS1R,ENSG00000116014.10,0.0,0.0
LAG3,ENSG00000089692.9,0.0,0.0
H4C4,ENSG00000277157.2,0.0,0.0
RRAD,ENSG00000166592.12,0.0,0.0
GALNT7,ENSG00000109586.12,0.0,0.0
RARRES2,ENSG00000106538.10,0.0,0.0
TDRD1,ENSG00000095627.9,0.0,0.0
CCL17,ENSG00000102970.11,0.0,0.0
GPRC5C,ENSG00000170412.18,0.0,0.0
KAZALD1,ENSG00000107821.15,0.0,0.0
OLFM2,ENSG00000105088.8,0.0,0.0
RIPK4,ENSG00000183421.12,0.0,0.0
TSPAN5,ENSG00000168785.8,0.0,0.0
CCL7,ENSG00000108688.11,0.0,0.0
DDX60,ENSG00000137628.17,0.0,0.0
EMB,ENSG00000170571.12,0.0,0.0
SMARCA1,ENSG00000102038.16,0.0,0.0
VPREB3,ENSG00000128218.8,0.0,0.0
VSIG4,ENSG00000155659.15,0.0,0.0
FABP6,ENSG00000170231.16,0.0,0.0
C5orf49,ENSG00000215217.7,0.0,0.0
FKBP5,ENSG00000096060.15,0.0,0.0
STMN3,ENSG00000197457.10,0.0,0.0
AGL,ENSG00000162688.17,0.0,0.0
TCAP,ENSG00000173991.6,0.0,0.0
B4GALNT4,ENSG00000182272.12,0.0,0.0
FAM183A,ENSG00000186973.11,0.0,0.0
SLAMF6,ENSG00000162739.14,0.0,0.0
GPT,ENSG00000167701.14,0.0,0.0
PALM,ENSG00000099864.18,0.0,0.0
ACY3,ENSG00000132744.8,0.0,0.0
SELENOP,ENSG00000250722.6,0.0,0.0
SCN4B,ENSG00000177098.9,0.0,8.68038811141457e-05
H3C6,ENSG00000274750.2,0.0,0.0
KRT86,ENSG00000170442.12,0.0,0.0
CYP2J2,ENSG00000134716.11,0.0,0.0
SH2D4A,ENSG00000104611.12,0.0,0.0
TNFRSF12A,ENSG00000006327.14,0.0,0.0
C2CD4B,ENSG00000205502.4,0.0,0.0
GSTT2B,ENSG00000133433.11,0.0,0.0
FPR3,ENSG00000187474.5,0.0,0.0
LIPH,ENSG00000163898.10,0.0,0.0
MAGED2,ENSG00000102316.17,0.0,0.0
ARFGEF3,ENSG00000112379.9,0.0,0.0
SCARA3,ENSG00000168077.14,0.0,0.0
TNFSF10,ENSG00000121858.11,0.0,0.0
ERBB3,ENSG00000065361.16,0.0,0.0
MS4A14,ENSG00000166928.11,0.0,0.0
MCM10,ENSG00000065328.17,0.0,0.0
TAGLN,ENSG00000149591.17,0.0,0.0
RAPGEFL1,ENSG00000108352.13,0.0,0.0
PPP4R4,ENSG00000119698.12,0.0,0.0
RFLNA,ENSG00000178882.15,0.0,0.0
NHLRC4,ENSG00000257108.2,0.0,0.0
LY6E,ENSG00000160932.11,0.0,0.0
COL7A1,ENSG00000114270.17,0.0,0.0
CSF3R,ENSG00000119535.18,0.0,0.0
PGAP3,ENSG00000161395.14,0.0,0.0
BATF,ENSG00000156127.8,0.0,0.0
CCL22,ENSG00000102962.5,0.0,0.0
FZD7,ENSG00000155760.2,0.0,0.0
COL6A1,ENSG00000142156.15,0.0,0.0
TMEM132A,ENSG00000006118.15,0.0,0.0
SLC4A7,ENSG00000033867.16,0.0,0.0
ALDH2,ENSG00000111275.13,0.0,0.0
CDT1,ENSG00000167513.9,0.0,0.0
PLA2G7,ENSG00000146070.17,0.0,0.0
BARX1,ENSG00000131668.14,0.0,0.0
CPXM2,ENSG00000121898.13,0.0,0.0
ALDH1A3,ENSG00000184254.17,0.0,0.0
SNORC,ENSG00000182600.9,0.0,0.0
GEM,ENSG00000164949.8,0.0,0.0
PYY,ENSG00000131096.10,0.0,0.0
ITGBL1,ENSG00000198542.14,0.0,0.0
TTC22,ENSG00000006555.11,0.0,0.0
CHRNA9,ENSG00000174343.6,0.0,0.0
MALRD1,ENSG00000204740.11,0.0,0.0
HES4,ENSG00000188290.11,0.0,0.0
DOC2B,ENSG00000272636.4,0.0,0.0
FBLL1,ENSG00000188573.8,0.0,0.0
EPHX4,ENSG00000172031.7,0.0,0.0
PLCB4,ENSG00000101333.17,0.0,0.0
MYC,ENSG00000136997.21,0.0,0.0
PLD4,ENSG00000166428.14,0.0,0.0
VSNL1,ENSG00000163032.12,0.0,0.0
EPCAM,ENSG00000119888.11,0.0,0.0
GPR27,ENSG00000170837.3,0.0,0.0
KCNK3,ENSG00000171303.7,0.0,0.0
OBP2A,ENSG00000122136.14,0.0,0.0
PAX9,ENSG00000198807.13,0.0,0.0
CD5,ENSG00000110448.11,0.0,0.0
SLC4A4,ENSG00000080493.18,0.0,0.0
TMEM45A,ENSG00000181458.10,0.0,0.0
DAPL1,ENSG00000163331.12,0.0,0.0
SALL2,ENSG00000165821.12,0.0,0.0
HES2,ENSG00000069812.11,0.0,0.0
EMILIN1,ENSG00000138080.14,0.0,0.0
PDGFRL,ENSG00000104213.13,0.0,0.0
EXTL1,ENSG00000158008.10,0.0,0.0
LIF,ENSG00000128342.5,0.0,0.0
EBF4,ENSG00000088881.21,0.0,0.0
HOXB6,ENSG00000108511.10,0.0,0.0
ZNF711,ENSG00000147180.17,0.0,0.0
BATF2,ENSG00000168062.10,0.0,0.0
OAS1,ENSG00000089127.14,0.0,0.0
BIRC3,ENSG00000023445.16,0.0,0.0
TLX1,ENSG00000107807.13,0.0,0.0
FIBIN,ENSG00000176971.4,0.0,0.0
SEMA5A,ENSG00000112902.12,0.0,0.0
ADAMTS2,ENSG00000087116.16,0.0,0.0
INSYN2B,ENSG00000204767.4,0.0,0.0
CMA1,ENSG00000092009.10,0.0,0.0
KREMEN2,ENSG00000131650.14,0.0,0.0
BHMT2,ENSG00000132840.10,0.0,0.0
IL17B,ENSG00000127743.6,0.0,0.0
ALOX15,ENSG00000161905.13,0.0,0.0
DQX1,ENSG00000144045.14,0.0,0.0
IL1RN,ENSG00000136689.19,0.0,0.0
APOC1,ENSG00000130208.9,0.0,0.0
GCNT2,ENSG00000111846.19,0.0,0.0
KCNH2,ENSG00000055118.16,0.0,0.0
EMID1,ENSG00000186998.16,0.0,0.0
TMPRSS4,ENSG00000137648.19,0.0,0.0
NPTXR,ENSG00000221890.6,0.0,0.0
FIBCD1,ENSG00000130720.13,0.0,0.0
HOXB4,ENSG00000182742.6,0.0,0.0
SCGB2A2,ENSG00000110484.7,0.0,0.0
GPAM,ENSG00000119927.14,0.0,0.0
TCIM,ENSG00000176907.5,0.0,0.0
TPSG1,ENSG00000116176.6,0.0,0.0
PTPRN2,ENSG00000155093.19,0.0,0.0
LAMB3,ENSG00000196878.15,0.0,0.0
CST6,ENSG00000175315.3,0.0,0.0
CDH3,ENSG00000062038.14,0.0,0.0
PLEKHS1,ENSG00000148735.15,0.0,0.0
LYZ,ENSG00000090382.7,0.0,0.0
STMND1,ENSG00000230873.9,0.0,0.0
ITGB6,ENSG00000115221.12,0.0,0.0
C9orf152,ENSG00000188959.9,0.0,0.0
HRCT1,ENSG00000196196.3,0.0,0.0
MYBL2,ENSG00000101057.16,0.0,0.0
H2BC8,ENSG00000273802.2,0.0,0.0
SOWAHA,ENSG00000198944.6,0.0,0.0
SLC5A8,ENSG00000256870.3,0.0,0.0
RAMP1,ENSG00000132329.11,0.0,0.0
MT1A,ENSG00000205362.11,0.0,0.0
C10orf82,ENSG00000165863.17,0.0,0.0
AGT,ENSG00000135744.8,0.0,0.0
EN1,ENSG00000163064.7,0.0,0.0
NUPR2,ENSG00000185290.4,0.0,0.0
GRB14,ENSG00000115290.10,0.0,0.0
THBS4,ENSG00000113296.14,0.0,0.0
HBA2,ENSG00000188536.13,0.0,0.0
TUBA3D,ENSG00000075886.11,0.0,0.0
ECM1,ENSG00000143369.15,0.0,0.0
STEAP4,ENSG00000127954.13,0.0,0.0
VWA2,ENSG00000165816.13,0.0,0.0
CSN3,ENSG00000171209.3,0.0,0.0
MUC15,ENSG00000169550.14,0.0,0.0
CACNA1H,ENSG00000196557.13,0.0,0.0
IRX2,ENSG00000170561.13,0.0,0.0
CYP4F8,ENSG00000186526.13,0.0,0.0
PGLYRP2,ENSG00000161031.13,0.0,0.0
SBSPON,ENSG00000164764.11,0.0,0.0
CNTNAP2,ENSG00000174469.23,0.0,0.0
ABCA12,ENSG00000144452.15,0.0,0.0
FGFR3,ENSG00000068078.20,0.0,0.0
THSD4,ENSG00000187720.14,0.0,0.0
KCNK1,ENSG00000135750.15,0.0,0.0
H2AC8,ENSG00000277075.2,0.0,0.0
CXCL2,ENSG00000081041.9,0.0,0.0
EGR3,ENSG00000179388.9,0.0,0.0
ERBB4,ENSG00000178568.15,0.0,0.0
ST8SIA6,ENSG00000148488.17,0.0,0.0
LY6D,ENSG00000167656.5,0.0,0.0
BAMBI,ENSG00000095739.11,0.0,0.0
LRRC31,ENSG00000114248.10,0.0,0.0
CITED4,ENSG00000179862.7,0.0,0.0
DUSP4,ENSG00000120875.9,0.0,0.0
AKR1C2,ENSG00000151632.17,0.0,0.0
MMP12,ENSG00000262406.3,0.0,0.0
ID4,ENSG00000172201.12,0.0,0.0
HGD,ENSG00000113924.12,0.0,0.0
ORM2,ENSG00000228278.5,0.0,0.0
DACH1,ENSG00000276644.5,0.0,0.0
SLC27A2,ENSG00000140284.11,0.0,0.0
CRISPLD1,ENSG00000121005.9,0.0,0.0
SLC6A14,ENSG00000268104.3,0.0,0.0
CD24,ENSG00000272398.6,0.0,0.0
ISG15,ENSG00000187608.10,0.0,0.0
BCAS1,ENSG00000064787.13,0.0,0.0
GSTA1,ENSG00000243955.6,0.0,0.0
CT83,ENSG00000204019.5,0.0,0.0
SLC39A6,ENSG00000141424.13,0.0,0.0
ZG16B,ENSG00000162078.11,0.0,0.0
HLA-DQA2,ENSG00000237541.4,0.0,0.0
KIT,ENSG00000157404.16,0.0,0.0
BBOX1,ENSG00000129151.9,0.0,0.0
C4A,ENSG00000244731.8,0.0,0.0
TNS4,ENSG00000131746.13,0.0,0.0
SLC5A1,ENSG00000100170.10,0.0,0.0
CLGN,ENSG00000153132.13,0.0,0.0
PCOLCE2,ENSG00000163710.9,0.0,0.0
PPP1R14C,ENSG00000198729.5,0.0,0.0
CLDN8,ENSG00000156284.6,0.0,0.0
HSPB8,ENSG00000152137.8,0.0,0.0
PADI2,ENSG00000117115.13,0.0,0.0
HPX,ENSG00000110169.11,0.0,0.0
GRP,ENSG00000134443.10,0.0,0.0
SLC16A6,ENSG00000108932.12,0.0,0.0
C1orf116,ENSG00000182795.13,0.0,0.0
EGR1,ENSG00000120738.8,0.0,0.0
IFI6,ENSG00000126709.15,0.0,0.0
ZBTB18,ENSG00000179456.10,0.0,0.0
H2AW,ENSG00000181218.5,0.0,0.0
SERPINA1,ENSG00000197249.14,0.0,0.0
CA2,ENSG00000104267.10,0.0,0.0
FADS2,ENSG00000134824.14,0.0,0.0
ANPEP,ENSG00000166825.15,0.0,0.0
CPA3,ENSG00000163751.4,0.0,0.0
TBC1D9,ENSG00000109436.8,0.0,0.0
PCSK1N,ENSG00000102109.9,0.0,0.0
LAMC2,ENSG00000058085.15,0.0,0.0
GDF15,ENSG00000130513.6,0.0,0.0
VSIG2,ENSG00000019102.12,0.0,0.0
KCNF1,ENSG00000162975.5,0.0,0.0
CHST8,ENSG00000124302.13,0.0,0.0
PSCA,ENSG00000167653.5,0.0,0.0
NTN4,ENSG00000074527.13,0.0,0.0
TPSB2,ENSG00000197253.13,0.0,0.0
GRIA2,ENSG00000120251.21,0.0,0.0
RBM24,ENSG00000112183.15,0.0,0.0
COL14A1,ENSG00000187955.12,0.0,0.0
F2RL2,ENSG00000164220.7,0.0,4.340194055707285e-05
GALNT3,ENSG00000115339.14,0.0,0.0
PLAAT2,ENSG00000133328.4,0.0,0.0
B3GNT3,ENSG00000179913.11,0.0,0.0
CX3CL1,ENSG00000006210.7,0.0,0.0
ANKRD30B,ENSG00000180777.14,0.0,0.0
MZB1,ENSG00000170476.16,0.0,0.0
POF1B,ENSG00000124429.18,0.0,0.0
UGT2B28,ENSG00000135226.18,0.0,0.0
ASS1,ENSG00000130707.18,0.0,0.0
DES,ENSG00000175084.12,0.0,0.0
IL20RA,ENSG00000016402.13,0.0,0.0
SCD,ENSG00000099194.6,0.0,0.0
HEPACAM2,ENSG00000188175.10,0.0,0.0
TOP2A,ENSG00000131747.15,0.0,0.0
TOX3,ENSG00000103460.17,0.0,0.0
HPGD,ENSG00000164120.14,0.0,0.0
RBP1,ENSG00000114115.10,0.0,0.0
BARX2,ENSG00000043039.7,0.0,0.0
FOXC1,ENSG00000054598.9,0.0,0.0
CLDN1,ENSG00000163347.6,0.0,0.0
CLPSL1,ENSG00000204140.10,0.0,0.0
H2BC4,ENSG00000180596.7,0.0,0.0
KLK10,ENSG00000129451.12,0.0,0.0
HSPB6,ENSG00000004776.13,0.0,0.0
ANGPTL4,ENSG00000167772.12,0.0,0.0
RERG,ENSG00000134533.6,0.0,0.0
CLDN3,ENSG00000165215.6,0.0,0.0
ACTL8,ENSG00000117148.8,0.0,0.0
HOXB5,ENSG00000120075.5,0.0,0.0
IFIT1,ENSG00000185745.10,0.0,0.0
ART3,ENSG00000156219.17,0.0,0.0
FGFBP1,ENSG00000137440.5,0.0,0.0
SLC28A3,ENSG00000197506.8,0.0,0.0
GPRC5A,ENSG00000013588.9,0.0,0.0
MKX,ENSG00000150051.14,0.0,0.0
EFEMP1,ENSG00000115380.20,0.0,0.0
LRRN1,ENSG00000175928.6,0.0,0.0
A2ML1,ENSG00000166535.20,0.0,0.0
SCNN1B,ENSG00000168447.11,0.0,0.0
PGGHG,ENSG00000142102.16,0.0,0.0
KCNIP2,ENSG00000120049.20,0.0,0.0
TMSB15A,ENSG00000158164.7,0.0,0.0
VSTM2L,ENSG00000132821.12,0.0,0.0
IGSF21,ENSG00000117154.12,0.0,0.0
BNIPL,ENSG00000163141.20,0.0,0.0
PON3,ENSG00000105852.11,0.0,0.0
MYB,ENSG00000118513.19,0.0,0.0
LYPD6,ENSG00000187123.15,0.0,0.0
ERP27,ENSG00000139055.7,0.0,0.0
CCNP,ENSG00000105219.10,0.0,0.0
CCN5,ENSG00000064205.10,0.0,0.0
HSPB7,ENSG00000173641.18,0.0,0.0
MS4A15,ENSG00000166961.15,0.0,0.0
RASSF10,ENSG00000189431.8,0.0,0.0
SPAG6,ENSG00000077327.16,0.0,0.0
STC1,ENSG00000159167.12,0.0,0.0
AK5,ENSG00000154027.19,0.0,0.0
CAPN13,ENSG00000162949.16,0.0,0.0
NEURL1,ENSG00000107954.10,0.0,0.0
IFI27,ENSG00000165949.12,0.0,0.0
SLC13A2,ENSG00000007216.15,0.0,0.0
SIX1,ENSG00000126778.12,0.0,0.0
THBS2,ENSG00000186340.16,0.0,0.0
DPT,ENSG00000143196.5,0.0,0.0
BRINP3,ENSG00000162670.11,0.0,0.0
KLHDC7B,ENSG00000130487.9,0.0,0.0
ADCY1,ENSG00000164742.16,0.0,0.0
CRABP2,ENSG00000143320.9,0.0,0.0
ASCL1,ENSG00000139352.4,0.0,0.0
GSTM3,ENSG00000134202.11,0.0,0.0
C6orf141,ENSG00000197261.11,0.0,0.0
NRIP3,ENSG00000175352.11,0.0,0.0
SFRP4,ENSG00000106483.12,0.0,0.0
TPSAB1,ENSG00000172236.18,0.0,0.0
PHGR1,ENSG00000233041.8,0.0,0.0
ELN,ENSG00000049540.18,0.0,0.0
TP63,ENSG00000073282.14,0.0,0.0
SLC6A4,ENSG00000108576.10,0.0,0.0
IGFBP5,ENSG00000115461.5,0.0,0.0
ACTA1,ENSG00000143632.14,0.0,0.0
TFCP2L1,ENSG00000115112.8,0.0,0.0
H4C8,ENSG00000158406.5,0.0,0.0
RASD1,ENSG00000108551.5,0.0,0.0
FGFR4,ENSG00000160867.15,0.0,0.0
DKK1,ENSG00000107984.10,0.0,0.0
POSTN,ENSG00000133110.15,0.0,0.0
AQP7,ENSG00000165269.13,0.0,0.0
COL1A1,ENSG00000108821.14,0.0,0.0
GRIK3,ENSG00000163873.10,0.0,0.0
TMEM45B,ENSG00000151715.8,0.0,0.0
NXPH1,ENSG00000122584.13,0.0,0.0
PTX3,ENSG00000163661.4,0.0,0.0
ADAMDEC1,ENSG00000134028.14,0.0,0.0
SCNN1A,ENSG00000111319.13,0.0,0.0
SEC14L2,ENSG00000100003.18,0.0,0.0
CDH1,ENSG00000039068.19,0.0,0.0
PRSS21,ENSG00000007038.11,0.0,0.0
ACOX2,ENSG00000168306.13,0.0,0.0
NGFR,ENSG00000064300.9,0.0,0.0
SYTL5,ENSG00000147041.12,0.0,0.0
LGR6,ENSG00000133067.17,0.0,0.0
NOVA1,ENSG00000139910.20,0.0,0.0
TINCR,ENSG00000223573.7,0.0,0.0
GALNT6,ENSG00000139629.16,0.0,0.0
HOXC12,ENSG00000123407.4,0.0,0.0
MFAP4,ENSG00000166482.12,0.0,0.0
FOS,ENSG00000170345.10,0.0,0.0
FAM3B,ENSG00000183844.17,0.0,0.0
THRSP,ENSG00000151365.2,0.0,0.0
OBP2B,ENSG00000171102.14,0.0,0.0
TRARG1,ENSG00000184811.4,0.0,0.0
RBP4,ENSG00000138207.14,0.0,0.0
AREG,ENSG00000109321.11,0.0,0.0
PROM1,ENSG00000007062.12,0.0,0.0
SLC34A2,ENSG00000157765.13,0.0,0.0
OLFM4,ENSG00000102837.7,0.0,0.0
CST9,ENSG00000173335.5,0.0,0.0
CRISP3,ENSG00000096006.12,0.0,0.0
SERPINA11,ENSG00000186910.4,0.0,0.0
PGR,ENSG00000082175.15,0.0,0.0
COL2A1,ENSG00000139219.19,0.0,0.0
CCL21,ENSG00000137077.8,0.0,0.0
APOD,ENSG00000189058.9,0.0,0.0
GP2,ENSG00000169347.17,0.0,0.0
SLITRK6,ENSG00000184564.11,0.0,0.0
SLC7A2,ENSG00000003989.18,0.0,0.0
TNNT1,ENSG00000105048.17,0.0,0.0
CXCL17,ENSG00000189377.9,0.0,0.0
PYDC1,ENSG00000169900.8,0.0,0.0
VTCN1,ENSG00000134258.17,0.0,0.0
SYT13,ENSG00000019505.8,0.0,0.0
JCHAIN,ENSG00000132465.12,0.0,0.0
PI3,ENSG00000124102.5,0.0,0.0
CHAD,ENSG00000136457.10,0.0,0.0
IRX1,ENSG00000170549.4,0.0,0.0
STC2,ENSG00000113739.10,0.0,0.0
VGLL1,ENSG00000102243.13,0.0,0.0
FOSB,ENSG00000125740.14,0.0,0.0
CA12,ENSG00000074410.14,0.0,0.0
ACKR1,ENSG00000213088.12,0.0,0.0
LCN2,ENSG00000148346.12,0.0,0.0
FABP7,ENSG00000164434.12,0.0,0.0
COL17A1,ENSG00000065618.21,0.0,0.0
AKR7A3,ENSG00000162482.5,0.0,0.0
SPDEF,ENSG00000124664.11,0.0,0.0
PDZK1,ENSG00000174827.14,0.0,0.0
ALOX15B,ENSG00000179593.16,0.0,0.0
MUC6,ENSG00000184956.16,0.0,0.0
MMP7,ENSG00000137673.9,0.0,0.0
SLC30A8,ENSG00000164756.12,0.0,0.0
ELF5,ENSG00000135374.11,0.0,0.0
CASP14,ENSG00000105141.6,0.0,0.0
LEP,ENSG00000174697.5,0.0,0.0
DCD,ENSG00000161634.12,0.0,0.0
BPIFB1,ENSG00000125999.11,0.0,0.0
GLYATL2,ENSG00000156689.7,0.0,0.0
CCL19,ENSG00000172724.12,0.0,0.0
MSMB,ENSG00000263639.7,0.0,0.0
AQP5,ENSG00000161798.7,0.0,0.0
KRT16,ENSG00000186832.9,0.0,0.0
SCGB3A1,ENSG00000161055.4,0.0,0.0
ADH1B,ENSG00000196616.14,0.0,0.0
EEF1A2,ENSG00000101210.13,0.0,0.0
ADIPOQ,ENSG00000181092.10,0.0,0.0
STAC2,ENSG00000141750.7,0.0,0.0
SERPINA6,ENSG00000170099.6,0.0,0.0
SCGB2A1,ENSG00000124939.6,0.0,0.0
GFRA1,ENSG00000151892.15,0.0,0.0
DHRS2,ENSG00000100867.15,0.0,0.0
KRT17,ENSG00000128422.17,0.0,0.0
S100P,ENSG00000163993.7,0.0,0.0
NPY1R,ENSG00000164128.7,0.0,0.0
GABRP,ENSG00000094755.17,0.0,0.0
HMGCS2,ENSG00000134240.12,0.0,0.0
KRT5,ENSG00000186081.12,0.0,0.0
AGR2,ENSG00000106541.12,0.0,0.0
KRT14,ENSG00000186847.6,0.0,0.0
TFF3,ENSG00000160180.15,0.0,0.0
CALML5,ENSG00000178372.8,0.0,0.0
LTF,ENSG00000012223.13,0.0,0.0
FDCSP,ENSG00000181617.6,0.0,0.0
S100A7,ENSG00000143556.9,0.0,0.0
MUCL1,ENSG00000172551.11,0.0,0.0
CPB1,ENSG00000153002.12,0.0,0.0
PIP,ENSG00000159763.4,0.0,0.0
TFF1,ENSG00000160182.3,0.0,0.0
KRT81,ENSG00000205426.10,0.0,0.0
KCNJ3,ENSG00000162989.5,0.0,0.0
PIGR,ENSG00000162896.6,0.0,0.0
CXCL13,ENSG00000156234.7,0.0,0.0
PPP1R1B,ENSG00000131771.14,0.0,0.0
SLPI,ENSG00000124107.5,0.0,0.0
KRT15,ENSG00000171346.16,0.0,0.0
S100A8,ENSG00000143546.10,0.0,0.0
PRAME,ENSG00000185686.18,0.0,0.0
ANKRD30A,ENSG00000148513.18,0.0,0.0
PVALB,ENSG00000100362.13,0.0,0.0
SOX10,ENSG00000100146.18,0.0,0.0
UGT2B11,ENSG00000213759.10,0.0,0.0
WFDC2,ENSG00000101443.18,0.0,0.0
CEACAM5,ENSG00000105388.16,0.0,0.0
TAT,ENSG00000198650.11,0.0,0.0
PEG10,ENSG00000242265.6,0.0,0.0
KLK5,ENSG00000167754.13,0.0,0.0
TCN1,ENSG00000134827.8,0.0,0.0
KRT6B,ENSG00000185479.6,0.0,0.0
ESR1,ENSG00000091831.24,0.0,0.0
BEX1,ENSG00000133169.6,0.0,0.0
S100A9,ENSG00000163220.11,0.0,0.0
CRABP1,ENSG00000166426.8,0.0,0.0
GSTM1,ENSG00000134184.13,0.0,0.0
TFAP2B,ENSG00000008196.13,0.0,0.0
PLA2G2A,ENSG00000188257.12,0.0,0.0
MSLN,ENSG00000102854.16,0.0,0.0
ACTG2,ENSG00000163017.14,0.0,0.0
RET,ENSG00000165731.20,0.0,0.0
ADAMTS15,ENSG00000166106.3,0.0,0.0
CALB2,ENSG00000172137.19,0.0,0.0
AFF3,ENSG00000144218.19,0.0,0.0
FSIP1,ENSG00000150667.8,0.0,0.0
SDR16C5,ENSG00000170786.12,0.0,0.0
PNMT,ENSG00000141744.4,0.0,0.0
TMC5,ENSG00000103534.17,0.0,0.0
CHI3L2,ENSG00000064886.14,0.0,0.0
TMEM150C,ENSG00000249242.8,0.0,0.0
TMPRSS3,ENSG00000160183.17,0.0,0.0
NELL2,ENSG00000184613.11,0.0,0.0
WIF1,ENSG00000156076.10,0.0,0.0
PTPRT,ENSG00000196090.12,0.0,0.0
SYT1,ENSG00000067715.14,0.0,0.0
CYP4B1,ENSG00000142973.14,0.0,0.0
PTN,ENSG00000105894.12,0.0,0.0
SPTSSB,ENSG00000196542.8,0.0,0.0
ORM1,ENSG00000229314.5,0.0,0.0
KLK6,ENSG00000167755.15,0.0,0.0
CFD,ENSG00000197766.8,0.0,0.0
SLC1A1,ENSG00000106688.12,0.0,0.0
TRIM29,ENSG00000137699.17,0.0,0.0
PDZK1IP1,ENSG00000162366.8,0.0,0.0
TRH,ENSG00000170893.4,0.0,0.0
SPDYC,ENSG00000204710.2,0.0,0.0
AQP3,ENSG00000165272.16,0.0,0.0
GREB1,ENSG00000196208.14,0.0,0.0
SYNM,ENSG00000182253.15,0.0,0.0
ASPN,ENSG00000106819.13,0.0,0.0
KIF12,ENSG00000136883.14,0.0,0.0
C4B,ENSG00000224389.9,0.0,0.0
EHF,ENSG00000135373.13,0.0,0.0
CA9,ENSG00000107159.13,0.0,0.0
CD79A,ENSG00000105369.10,0.0,0.0
CCL18,ENSG00000275385.2,0.0,0.0
CBLN2,ENSG00000141668.10,0.0,0.0
IL20,ENSG00000162891.10,0.0,0.0
OXTR,ENSG00000180914.10,0.0,0.0
RARRES1,ENSG00000118849.10,0.0,0.0
SNCG,ENSG00000173267.14,0.0,0.0
S100A2,ENSG00000196754.13,0.0,0.0
SOSTDC1,ENSG00000171243.8,0.0,0.0
MT1G,ENSG00000125144.14,0.0,0.0
DSC3,ENSG00000134762.17,0.0,0.0
CILP,ENSG00000138615.6,0.0,0.0
REEP6,ENSG00000115255.12,0.0,0.0
SLC40A1,ENSG00000138449.11,0.0,0.0
CCL28,ENSG00000151882.11,0.0,0.0
WNK4,ENSG00000126562.17,0.0,0.0
MGP,ENSG00000111341.10,0.0,0.0
LPL,ENSG00000175445.17,0.0,0.0
FOLR1,ENSG00000110195.14,0.0,0.0
PKP1,ENSG00000081277.13,0.0,0.0
KLK7,ENSG00000169035.12,0.0,0.0
MYBPC1,ENSG00000196091.15,0.0,0.0
KRT6A,ENSG00000205420.11,0.0,0.0
GRPR,ENSG00000126010.6,0.0,0.0
OPRPN,ENSG00000171199.11,0.0,0.0
PI15,ENSG00000137558.9,0.0,0.0
CLSTN2,ENSG00000158258.16,0.0,0.0
CARTPT,ENSG00000164326.5,0.0,0.0
SERPINB5,ENSG00000206075.14,0.0,0.0
SUSD3,ENSG00000157303.11,0.0,0.0
ARHGAP40,ENSG00000124143.10,0.0,0.0
ABCC11,ENSG00000121270.16,0.0,0.0
FOXI1,ENSG00000168269.10,0.0,0.0
CYP2A6,ENSG00000255974.8,0.0,0.0
LRP2,ENSG00000081479.15,0.0,0.0
LBP,ENSG00000129988.6,0.0,0.0
SPINK8,ENSG00000229453.2,0.0,0.0
KRT23,ENSG00000108244.17,0.0,0.0
BPIFB2,ENSG00000078898.7,0.0,0.0
CXCL9,ENSG00000138755.6,0.0,0.0
TSPAN1,ENSG00000117472.10,0.0,0.0
DEFB1,ENSG00000164825.4,0.0,0.0
CLCA2,ENSG00000137975.8,0.0,0.0
RIMS4,ENSG00000101098.13,0.0,0.0
DIO1,ENSG00000211452.11,0.0,0.0
ALB,ENSG00000163631.17,0.0,0.0
MLPH,ENSG00000115648.14,0.0,0.0
S100A14,ENSG00000189334.9,0.0,0.0
TFPI2,ENSG00000105825.14,0.0,0.0
AARD,ENSG00000205002.4,0.0,0.0
GATA3,ENSG00000107485.18,0.0,0.0
CYP4F22,ENSG00000171954.13,0.0,0.0
CCNO,ENSG00000152669.9,0.0,0.0
VSTM2A,ENSG00000170419.11,0.0,0.0
CIDEA,ENSG00000176194.18,0.0,0.0
ALDH3B2,ENSG00000132746.15,0.0,0.0
KLHDC7A,ENSG00000179023.8,0.0,0.0
NCCRP1,ENSG00000188505.5,0.0,0.0
NLRP2,ENSG00000022556.16,0.0,0.0
CAPN8,ENSG00000203697.12,0.0,0.0
DNAJC12,ENSG00000108176.15,0.0,0.0
DSG3,ENSG00000134757.5,0.0,0.0
KLK11,ENSG00000167757.14,0.0,0.0
CHI3L1,ENSG00000133048.13,0.0,0.0
MAB21L4,ENSG00000172478.18,0.0,0.0
MUC5B,ENSG00000117983.17,0.0,0.0
AZGP1,ENSG00000160862.13,0.0,0.0
C16orf89,ENSG00000153446.16,0.0,0.0
G0S2,ENSG00000123689.6,0.0,0.0
FAT2,ENSG00000086570.12,0.0,0.0
F7,ENSG00000057593.14,0.0,0.0
COL3A1,ENSG00000168542.16,0.0,0.0
FGFBP2,ENSG00000137441.8,0.0,0.0
RETREG1,ENSG00000154153.13,0.0,0.0
CCDC8,ENSG00000169515.8,0.0,0.0
GPRIN2,ENSG00000204175.5,0.0,0.0
GALNT15,ENSG00000131386.19,0.0,0.0
FBN1,ENSG00000166147.14,0.0,0.0
OAS2,ENSG00000111335.13,0.0,0.0
CDKN2A,ENSG00000147889.18,0.0,0.0
CTHRC1,ENSG00000164932.13,0.0,0.0
FLT3,ENSG00000122025.15,0.0,0.0
ADM,ENSG00000148926.10,0.0,0.0
HLA-DRB5,ENSG00000198502.6,0.0,0.0
ZFP57,ENSG00000204644.10,0.0,0.0
ANLN,ENSG00000011426.11,0.0,0.0
CYP4F11,ENSG00000171903.16,0.0,0.0
LONRF2,ENSG00000170500.13,0.0,0.0
CEMIP,ENSG00000103888.17,0.0,0.0
CHST1,ENSG00000175264.8,0.0,0.0
TGFB2,ENSG00000092969.12,0.0,0.0
DLX2,ENSG00000115844.11,0.0,0.0
GJB5,ENSG00000189280.3,0.0,0.0
BMP7,ENSG00000101144.13,0.0,0.0
AOX1,ENSG00000138356.14,0.0,0.0
RHOV,ENSG00000104140.7,0.0,0.0
SKAP1,ENSG00000141293.16,0.0,0.0
GALNT5,ENSG00000136542.9,0.0,0.0
EDIL3,ENSG00000164176.13,0.0,0.0
GJB1,ENSG00000169562.13,0.0,0.0
FGB,ENSG00000171564.12,0.0,0.0
DIO2,ENSG00000211448.13,0.0,0.0
IRX4,ENSG00000113430.10,0.0,0.0
WLS,ENSG00000116729.14,0.0,0.0
SSTR2,ENSG00000180616.9,0.0,0.0
RTN1,ENSG00000139970.17,0.0,0.0
ASCL2,ENSG00000183734.4,0.0,0.0
AKR1C3,ENSG00000196139.14,0.0,0.0
ADORA1,ENSG00000163485.17,0.0,0.0
TTC39A,ENSG00000085831.15,0.0,0.0
ADAM12,ENSG00000148848.14,0.0,0.0
AC007906.2,ENSG00000277639.2,0.0,0.0
MGST1,ENSG00000008394.13,0.0,0.0
EDN1,ENSG00000078401.7,0.0,0.0
DSC2,ENSG00000134755.17,0.0,0.0
C3,ENSG00000125730.17,0.0,0.0
CLEC10A,ENSG00000132514.14,0.0,0.0
PAPSS2,ENSG00000198682.13,0.0,0.0
NR2F1,ENSG00000175745.14,0.0,0.0
REEP1,ENSG00000068615.19,0.0,0.0
ACSM1,ENSG00000166743.9,0.0,0.0
SYCP2,ENSG00000196074.13,0.0,0.0
AKR1B15,ENSG00000227471.9,0.0,0.0
GRAMD2A,ENSG00000175318.12,0.0,0.0
SORBS1,ENSG00000095637.22,0.0,0.0
RSAD2,ENSG00000134321.12,0.0,0.0
CXADR,ENSG00000154639.19,0.0,0.0
EYA2,ENSG00000064655.19,0.0,0.0
PCK1,ENSG00000124253.11,0.0,0.0
STUM,ENSG00000203685.10,0.0,0.0
EGR2,ENSG00000122877.16,0.0,0.0
GRB7,ENSG00000141738.14,0.0,0.0
FST,ENSG00000134363.12,0.0,0.0
EFNA5,ENSG00000184349.13,0.0,0.0
GAMT,ENSG00000130005.13,0.0,0.0
MUC2,ENSG00000198788.9,0.0,0.0
KRT80,ENSG00000167767.14,0.0,0.0
PRR15L,ENSG00000167183.3,0.0,0.0
HSPA2,ENSG00000126803.9,0.0,0.0
SGPP2,ENSG00000163082.10,0.0,0.0
TM4SF1,ENSG00000169908.12,0.0,0.0
GZMA,ENSG00000145649.8,0.0,0.0
DNAJC22,ENSG00000178401.16,0.0,0.0
OASL,ENSG00000135114.12,0.0,0.0
IL6ST,ENSG00000134352.20,0.0,0.0
TACSTD2,ENSG00000184292.7,0.0,0.0
H2BC9,ENSG00000275713.2,0.0,0.0
C2orf72,ENSG00000204128.6,0.0,0.0
NTS,ENSG00000133636.11,0.0,0.0
CACNG1,ENSG00000108878.5,0.0,0.0
COL5A1,ENSG00000130635.16,0.0,0.0
SELL,ENSG00000188404.10,0.0,0.0
FGFR2,ENSG00000066468.23,0.0,0.0
ALG1L,ENSG00000189366.9,0.0,0.0
ZNF486,ENSG00000256229.8,0.0,0.0
NPW,ENSG00000183971.10,0.0,0.0
WNT7B,ENSG00000188064.10,0.0,0.0
RHEX,ENSG00000263961.8,0.0,0.0
NXNL2,ENSG00000130045.16,0.0,0.0
ANO1,ENSG00000131620.17,0.0,0.0
FASN,ENSG00000169710.9,0.0,0.0
SLC26A3,ENSG00000091138.13,0.0,0.0
NNAT,ENSG00000053438.11,0.0,0.0
GSTP1,ENSG00000084207.18,0.0,0.0
SIDT1,ENSG00000072858.11,0.0,0.0
MAGEA1,ENSG00000198681.7,0.0,0.0
C5AR2,ENSG00000134830.6,0.0,0.0
PODN,ENSG00000174348.14,0.0,0.0
OLFM1,ENSG00000130558.20,0.0,0.0
KRT13,ENSG00000171401.15,0.0,0.0
SUSD2,ENSG00000099994.11,0.0,0.0
HOXB3,ENSG00000120093.11,0.0,0.0
IL6,ENSG00000136244.12,0.0,0.0
SEMA3C,ENSG00000075223.14,0.0,0.0
DCLK1,ENSG00000133083.15,0.0,0.0
NCMAP,ENSG00000184454.7,0.0,0.0
XDH,ENSG00000158125.10,0.0,0.0
CD52,ENSG00000169442.9,0.0,0.0
SCGB1D2,ENSG00000124935.4,0.0,0.0
SLURP1,ENSG00000126233.2,0.0,0.0
AURKB,ENSG00000178999.13,0.0,0.0
HS6ST2,ENSG00000171004.18,0.0,0.0
TPPP3,ENSG00000159713.11,0.0,0.0
FAM3D,ENSG00000198643.7,0.0,0.0
LARGE2,ENSG00000165905.18,0.0,0.0
TMC4,ENSG00000167608.12,0.0,0.0
NIBAN1,ENSG00000135842.17,0.0,0.0
UGT2B17,ENSG00000197888.2,0.0,0.0
KRTCAP3,ENSG00000157992.12,0.0,0.0
GLRB,ENSG00000109738.11,0.0,0.0
RDH10,ENSG00000121039.10,0.0,0.0
NQO1,ENSG00000181019.13,0.0,0.0
AKAP12,ENSG00000131016.17,0.0,0.0
INPP4B,ENSG00000109452.12,0.0,0.0
C1orf226,ENSG00000239887.6,0.0,0.0
BCAM,ENSG00000187244.12,0.0,0.0
SMOC2,ENSG00000112562.19,0.0,0.0
ATP13A4,ENSG00000127249.15,0.0,0.0
FAM111B,ENSG00000189057.11,0.0,0.0
PRKAR2B,ENSG00000005249.13,0.0,0.0
CYP1B1,ENSG00000138061.12,0.0,0.0
GLYATL1,ENSG00000166840.13,0.0,0.0
LEMD1,ENSG00000186007.10,0.0,0.0
KANK4,ENSG00000132854.19,0.0,0.0
CLIC3,ENSG00000169583.13,0.0,0.0
GNMT,ENSG00000124713.6,0.0,0.0
COL4A5,ENSG00000188153.14,0.0,0.0
SERPINI1,ENSG00000163536.13,0.0,0.0
PKIA,ENSG00000171033.13,0.0,0.0
SOX8,ENSG00000005513.10,0.0,0.0
SYBU,ENSG00000147642.17,0.0,0.0
FAIM2,ENSG00000135472.9,0.0,0.0
LYPD3,ENSG00000124466.9,0.0,0.0
RAB27B,ENSG00000041353.10,0.0,0.0
MEDAG,ENSG00000102802.10,0.0,0.0
NPR3,ENSG00000113389.16,0.0,0.0
NBPF4,ENSG00000196427.13,0.0,0.0
ALCAM,ENSG00000170017.12,0.0,0.0
CRLF1,ENSG00000006016.11,0.0,0.0
MOGAT2,ENSG00000166391.15,0.0,0.0
RAMP3,ENSG00000122679.8,0.0,0.0
SPOCK1,ENSG00000152377.14,0.0,0.0
SULF1,ENSG00000137573.14,0.0,0.0
TRPA1,ENSG00000104321.11,0.0,0.0
ESPN,ENSG00000187017.17,0.0,0.0
SYNPO2,ENSG00000172403.11,0.0,0.0
COL6A3,ENSG00000163359.16,0.0,0.0
MB,ENSG00000198125.13,0.0,0.0
CD207,ENSG00000116031.9,0.0,0.0
DIRAS1,ENSG00000176490.5,0.0,0.0
APOBEC3B,ENSG00000179750.16,0.0,0.0
H2AC11,ENSG00000196787.3,0.0,0.0
CPXM1,ENSG00000088882.8,0.0,0.0
ABI3BP,ENSG00000154175.18,0.0,0.0
SHC4,ENSG00000185634.12,0.0,0.0
SRPX,ENSG00000101955.15,0.0,0.0
ZFP36,ENSG00000128016.7,0.0,0.0
TNFRSF17,ENSG00000048462.11,0.0,0.0
TMPRSS2,ENSG00000184012.13,0.0,0.0
TTC6,ENSG00000139865.16,0.0,0.0
KRT8,ENSG00000170421.12,0.0,0.0
RNF128,ENSG00000133135.14,0.0,0.0
CCR7,ENSG00000126353.3,0.0,0.0
BMERB1,ENSG00000166780.11,0.0,0.0
RND1,ENSG00000172602.11,0.0,0.0
SLC12A2,ENSG00000064651.14,0.0,0.0
KRT18,ENSG00000111057.11,0.0,0.0
ME1,ENSG00000065833.9,0.0,0.0
NEFH,ENSG00000100285.10,0.0,0.0
C20orf85,ENSG00000124237.6,0.0,0.0
NPIPB15,ENSG00000196436.8,0.0,0.0
QPRT,ENSG00000103485.19,0.0,0.0
DIRAS3,ENSG00000162595.7,0.0,0.0
FMO5,ENSG00000131781.13,0.0,0.0
S100A7A,ENSG00000184330.12,0.0,0.0
KIF1A,ENSG00000130294.17,0.0,0.0
BTG2,ENSG00000159388.6,0.0,0.0
CCN1,ENSG00000142871.18,0.0,0.0
UGT2B4,ENSG00000156096.14,0.0,0.0
SEMA3E,ENSG00000170381.14,0.0,0.0
PRSS2,ENSG00000275896.6,0.0,0.0
ITGA11,ENSG00000137809.17,0.0,0.0
SELE,ENSG00000007908.16,0.0,0.0
LMOD1,ENSG00000163431.13,0.0,8.68038811141457e-05
H1-3,ENSG00000124575.7,0.0,0.0
INHBB,ENSG00000163083.6,0.0,0.0
CPA6,ENSG00000165078.13,0.0,0.0
GREM1,ENSG00000166923.12,0.0,0.0
PDE4B,ENSG00000184588.18,0.0,0.0
SYT12,ENSG00000173227.14,0.0,0.0
FAM189A2,ENSG00000135063.19,0.0,0.0
ITGB8,ENSG00000105855.10,0.0,0.0
SULT2B1,ENSG00000088002.12,0.0,0.0
CLDN11,ENSG00000013297.12,0.0,0.0
FBLN2,ENSG00000163520.14,0.0,0.0
MYH14,ENSG00000105357.19,0.0,0.0
HAPLN3,ENSG00000140511.12,0.0,0.0
TNFRSF11B,ENSG00000164761.9,0.0,0.0
H2BC11,ENSG00000124635.9,0.0,0.0
KLHL13,ENSG00000003096.14,0.0,0.0
TMEM63C,ENSG00000165548.11,0.0,0.0
TENT5B,ENSG00000158246.8,0.0,0.0
CLDN5,ENSG00000184113.9,0.0,0.0
MPV17L,ENSG00000156968.9,0.0,0.0
NCAM2,ENSG00000154654.15,0.0,0.0
SYT8,ENSG00000149043.16,0.0,0.0
CCL8,ENSG00000108700.5,0.0,0.0
ERBB2,ENSG00000141736.14,0.0,0.0
MT1M,ENSG00000205364.4,0.0,0.0
FNDC1,ENSG00000164694.17,0.0,0.0
ZNF385B,ENSG00000144331.20,0.0,0.0
MSX2,ENSG00000120149.9,0.0,0.0
BRINP2,ENSG00000198797.7,0.0,0.0
ANXA3,ENSG00000138772.13,0.0,0.0
ATP6V0A4,ENSG00000105929.16,0.0,0.0
LACRT,ENSG00000135413.9,0.0,0.0
KCNK2,ENSG00000082482.14,0.0,0.0
LY6G6C,ENSG00000204421.3,0.0,0.0
KCND3,ENSG00000171385.10,0.0,0.0
GAL,ENSG00000069482.7,0.0,0.0
BIRC5,ENSG00000089685.15,0.0,0.0
DGAT2,ENSG00000062282.15,0.0,0.0
GPX2,ENSG00000176153.12,0.0,0.0
DLK1,ENSG00000185559.16,0.0,0.0
FMOD,ENSG00000122176.12,0.0,0.0
GLRA3,ENSG00000145451.13,0.0,0.0
STK32B,ENSG00000152953.13,0.0,0.0
NKX3-1,ENSG00000167034.10,0.0,0.0
ATF3,ENSG00000162772.17,0.0,0.0
CD2,ENSG00000116824.5,0.0,0.0
CA8,ENSG00000178538.10,0.0,0.0
FAM83D,ENSG00000101447.15,0.0,0.0
PEG3,ENSG00000198300.14,0.0,0.0
UNC5A,ENSG00000113763.12,0.0,0.0
CAMP,ENSG00000164047.6,0.0,0.0
PCSK1,ENSG00000175426.11,0.0,0.0
KLRG2,ENSG00000188883.5,0.0,0.0
LINGO1,ENSG00000169783.13,0.0,0.0
LMX1B,ENSG00000136944.19,0.0,0.0
CCL5,ENSG00000271503.6,0.0,0.0
PLEKHB1,ENSG00000021300.14,0.0,0.0
FCGBP,ENSG00000275395.6,0.0,0.0
TUBB2B,ENSG00000137285.10,0.0,0.0
TTYH1,ENSG00000167614.14,0.0,0.0
B3GALT5,ENSG00000183778.17,0.0,0.0
SCGN,ENSG00000079689.14,0.0,0.0
CRAT,ENSG00000095321.17,0.0,0.0
RAB11FIP1,ENSG00000156675.16,0.0,0.0
ENHO,ENSG00000168913.7,0.0,0.0
MFAP5,ENSG00000197614.11,0.0,0.0
CSTA,ENSG00000121552.4,0.0,0.0
FBXO2,ENSG00000116661.11,0.0,0.0
ARHGAP36,ENSG00000147256.12,0.0,0.0
CYP2A7,ENSG00000198077.10,0.0,0.0
SCNN1G,ENSG00000166828.3,0.0,0.0
KCNK5,ENSG00000164626.9,0.0,0.0
MX1,ENSG00000157601.14,0.0,0.0
DCDC2,ENSG00000146038.12,0.0,0.0
GYG2,ENSG00000056998.20,0.0,0.0
AKR1B10,ENSG00000198074.10,0.0,0.0
PARD6B,ENSG00000124171.9,0.0,0.0
PLA2G2D,ENSG00000117215.15,0.0,0.0
DCN,ENSG00000011465.18,0.0,0.0
AMIGO2,ENSG00000139211.7,0.0,0.0
LYPD6B,ENSG00000150556.17,0.0,0.0
MDFI,ENSG00000112559.15,0.0,0.0
LRRC26,ENSG00000184709.7,0.0,0.0
LIN7A,ENSG00000111052.7,0.0,0.0
MAGEA3,ENSG00000221867.9,0.0,0.0
TMPRSS6,ENSG00000187045.19,0.0,0.0
CCDC170,ENSG00000120262.10,0.0,0.0
CDC20B,ENSG00000164287.13,0.0,0.0
GGT6,ENSG00000167741.11,0.0,0.0
DOK7,ENSG00000175920.18,0.0,0.0
OMD,ENSG00000127083.7,0.0,0.0
PRELP,ENSG00000188783.6,0.0,0.0
HORMAD1,ENSG00000143452.16,0.0,0.0
LAD1,ENSG00000159166.15,0.0,0.0
FBP1,ENSG00000165140.11,0.0,0.0
SLC19A3,ENSG00000135917.16,0.0,0.0
TNC,ENSG00000041982.16,0.0,0.0
ADCY5,ENSG00000173175.15,0.0,0.0
CKB,ENSG00000166165.13,0.0,0.0
PLAAT4,ENSG00000133321.11,0.0,0.0
SEMA3B,ENSG00000012171.20,0.0,0.0
INSM1,ENSG00000173404.5,0.0,0.0
CCND1,ENSG00000110092.4,0.0,0.0
CAPS,ENSG00000105519.18,0.0,0.0
NR4A1,ENSG00000123358.20,0.0,0.0
GNG4,ENSG00000168243.11,0.0,0.0
S100G,ENSG00000169906.5,0.0,0.0
PTHLH,ENSG00000087494.16,0.0,0.0
MT1E,ENSG00000169715.15,0.0,0.0
IGFBP2,ENSG00000115457.10,0.0,0.0
F13A1,ENSG00000124491.16,0.0,0.0
KCNN4,ENSG00000104783.14,0.0,0.0
UGT8,ENSG00000174607.11,0.0,0.0
ERAP2,ENSG00000164308.17,0.0,0.0
NEK10,ENSG00000163491.16,0.0,0.0
MS4A1,ENSG00000156738.18,0.0,0.0
OSR1,ENSG00000143867.7,0.0,0.0
SOX11,ENSG00000176887.7,0.0,0.0
RAI2,ENSG00000131831.18,0.0,0.0
INPP5J,ENSG00000185133.14,0.0,0.0
KLK14,ENSG00000129437.11,0.0,0.0
SOD3,ENSG00000109610.6,0.0,0.0
ENPP5,ENSG00000112796.10,0.0,0.0
F3,ENSG00000117525.14,0.0,0.0
INAVA,ENSG00000163362.11,0.0,0.0
VAV3,ENSG00000134215.16,0.0,0.0
FLRT3,ENSG00000125848.10,0.0,0.0
TMEM132C,ENSG00000181234.9,0.0,0.0
COL5A2,ENSG00000204262.14,0.0,0.0
NKG7,ENSG00000105374.10,0.0,0.0
UCHL1,ENSG00000154277.13,0.0,0.0
SPRR1A,ENSG00000169474.4,0.0,0.0
HTRA3,ENSG00000170801.10,0.0,0.0
C6orf15,ENSG00000204542.3,0.0,0.0
IL34,ENSG00000157368.11,0.0,0.0
SIGLEC15,ENSG00000197046.12,0.0,0.0
LUM,ENSG00000139329.5,0.0,0.0
CDCA7,ENSG00000144354.14,0.0,0.0
LRRC17,ENSG00000128606.13,0.0,0.0
BEX2,ENSG00000133134.12,0.0,0.0
COL12A1,ENSG00000111799.21,0.0,0.0
ADRA2A,ENSG00000150594.7,0.0,0.0
KCNJ11,ENSG00000187486.5,0.0,0.0
APLP1,ENSG00000105290.13,0.0,0.0
ETV4,ENSG00000175832.13,0.0,0.0
MS4A7,ENSG00000166927.13,0.0,0.0
CTSG,ENSG00000100448.4,0.0,0.0
DSP,ENSG00000096696.14,0.0,0.0
CLU,ENSG00000120885.22,0.0,0.0
PLIN5,ENSG00000214456.8,0.0,0.0
TMEM158,ENSG00000249992.2,0.0,0.0
UGT2B15,ENSG00000196620.10,0.0,0.0
ADGRB2,ENSG00000121753.12,0.0,0.0
PREX1,ENSG00000124126.14,0.0,0.0
CXCL1,ENSG00000163739.5,0.0,0.0
MEX3A,ENSG00000254726.3,0.0,0.0
SYTL2,ENSG00000137501.17,0.0,0.0
HLA-DQB2,ENSG00000232629.9,0.0,0.0
SPON1,ENSG00000262655.4,0.0,0.0
CXCL8,ENSG00000169429.11,0.0,0.0
CCDC80,ENSG00000091986.16,0.0,0.0
SLC27A6,ENSG00000113396.13,0.0,0.0
ACADSB,ENSG00000196177.13,0.0,0.0
FOXM1,ENSG00000111206.13,0.0,0.0
GJB3,ENSG00000188910.8,0.0,0.0
EFHD1,ENSG00000115468.12,0.0,0.0
TNN,ENSG00000120332.16,0.0,0.0
DMKN,ENSG00000161249.21,0.0,0.0
CX3CR1,ENSG00000168329.14,0.0,0.0
PLCH1,ENSG00000114805.18,0.0,0.0
SMR3B,ENSG00000171201.12,0.0,0.0
TRIM58,ENSG00000162722.9,0.0,0.0
CTXN1,ENSG00000178531.6,0.0,0.0
MSI1,ENSG00000135097.7,0.0,0.0
ABLIM3,ENSG00000173210.20,0.0,0.0
EDN3,ENSG00000124205.18,0.0,0.0
RAB38,ENSG00000123892.12,0.0,0.0
C11orf96,ENSG00000187479.8,0.0,0.0
ZNF552,ENSG00000178935.5,0.0,0.0
CORO6,ENSG00000167549.18,0.0,0.0
PNMA8A,ENSG00000182013.18,0.0,0.0
SERHL2,ENSG00000183569.18,0.0,0.0
C5orf46,ENSG00000178776.5,0.0,0.0
AKR1C1,ENSG00000187134.14,0.0,0.0
PSD3,ENSG00000156011.17,0.0,0.0
ROPN1B,ENSG00000114547.10,0.0,0.0
FCRLB,ENSG00000162746.14,0.0,0.0
KCNC2,ENSG00000166006.14,0.0,0.0
BAIAP3,ENSG00000007516.14,0.0,0.0
DUSP1,ENSG00000120129.6,0.0,0.0
FCER1A,ENSG00000179639.10,0.0,0.0
CTNND2,ENSG00000169862.19,0.0,0.0
CLPSL2,ENSG00000196748.10,0.0,0.0
SCUBE3,ENSG00000146197.9,0.0,0.0
NFKBIZ,ENSG00000144802.11,0.0,0.0
CHIT1,ENSG00000133063.16,0.0,0.0
EDARADD,ENSG00000186197.15,0.0,0.0
LAMP3,ENSG00000078081.8,0.0,0.0
RGS2,ENSG00000116741.8,0.0,0.0
IL7R,ENSG00000168685.15,0.0,0.0
TPSD1,ENSG00000095917.14,0.0,0.0
MAGEA6,ENSG00000197172.10,0.0,0.0
IGFALS,ENSG00000099769.6,0.0,0.0
PLAC9,ENSG00000189129.14,0.0,0.0
KLF5,ENSG00000102554.14,0.0,0.0
PRG4,ENSG00000116690.13,0.0,0.0
CD177,ENSG00000204936.10,0.0,0.0
H2BC5,ENSG00000158373.8,0.0,0.0
C2CD4A,ENSG00000198535.5,0.0,0.0
NMU,ENSG00000109255.11,0.0,0.0
COL9A3,ENSG00000092758.18,0.0,0.0
TBX3,ENSG00000135111.16,0.0,0.0
C15orf48,ENSG00000166920.13,0.0,0.0
CHGA,ENSG00000100604.13,0.0,0.0
COL9A2,ENSG00000049089.15,0.0,0.0
IFI44L,ENSG00000137959.16,0.0,0.0
SPESP1,ENSG00000258484.4,0.0,0.0
ARMT1,ENSG00000146476.11,0.0,0.0
KRT4,ENSG00000170477.13,0.0,0.0
SUSD4,ENSG00000143502.15,0.0,0.0
NXPH4,ENSG00000182379.10,0.0,0.0
COL1A2,ENSG00000164692.18,-1.1102230246251566e-17,4.340194055704803e-05
AEBP1,ENSG00000106624.11,-9.704968944079794e-06,2.9114906832313403e-05
RGS1,ENSG00000090104.12,-9.704968944102e-06,2.9114906832306003e-05
VCAN,ENSG00000038427.16,-9.704968944102e-06,2.9114906832306003e-05
MXRA5,ENSG00000101825.8,-9.704968944102e-06,2.9114906832306003e-05
KLK4,ENSG00000167749.11,-9.704968944102e-06,2.9114906832306003e-05
TMEM119,ENSG00000183160.9,-1.9409937888192897e-05,5.822981366457868e-05
PPP1R14A,ENSG00000167641.11,-1.9409937888192897e-05,0.00010452571442420424
IBSP,ENSG00000029559.7,-1.9409937888192897e-05,0.0003520643856214284
NEK2,ENSG00000117650.13,-2.91149068323171e-05,0.00016268492443945848
TSHZ2,ENSG00000182463.16,-3.881987577636359e-05,7.763975155278269e-05
ITM2A,ENSG00000078596.11,-7.763975155280489e-05,0.0003493788819875572
ADAMTS5,ENSG00000154736.6,-8.734472049689578e-05,0.00032026397515528453
FMO2,ENSG00000094963.14,-9.70496894410089e-05,0.00029114906832298224
