gene,gene_id,mean_abs_shap
SPRY2,ENSG00000136158.12,0.013485327269620097
VEGFD,ENSG00000165197.5,0.012185552064156384
CD300LG,ENSG00000161649.13,0.011916015590672086
COL10A1,ENSG00000123500.10,0.010848316554873248
MMP11,ENSG00000099953.10,0.010636427558358679
MAMDC2,ENSG00000165072.10,0.010292941166590696
ITIH5,ENSG00000123243.15,0.008899622971784713
BTNL9,ENSG00000165810.17,0.00878157539595537
HOXA5,ENSG00000106004.5,0.008156019357260949
CAVIN2,ENSG00000168497.5,0.00794466096483153
CAV1,ENSG00000105974.13,0.007913035250289925
MME,ENSG00000196549.12,0.007319946913994495
ADAMTS5,ENSG00000154736.6,0.0072496407242187534
FMO2,ENSG00000094963.14,0.007033799005007019
ITM2A,ENSG00000078596.11,0.006994139907910262
CA4,ENSG00000167434.10,0.00651113761789774
CRYAB,ENSG00000109846.9,0.006400324793128582
SCARA5,ENSG00000168079.17,0.006062405652282275
MATN2,ENSG00000132561.14,0.005975830852820111
CAV2,ENSG00000105971.15,0.005734469476454288
LMOD1,ENSG00000163431.13,0.005698906593478712
INHBA,ENSG00000122641.11,0.005332339610587002
IBSP,ENSG00000029559.7,0.005103355619936409
RERGL,ENSG00000111404.7,0.004990003207949266
ANXA1,ENSG00000135046.14,0.004617484591844716
DMD,ENSG00000198947.16,0.00451254760319076
S100B,ENSG00000160307.10,0.004316570058832304
RNF150,ENSG00000170153.11,0.00425616923678696
UBE2C,ENSG00000175063.17,0.004212075245359326
HJURP,ENSG00000123485.12,0.00412139332669643
PLA2G4A,ENSG00000116711.10,0.004085854326739
ADRB2,ENSG00000169252.6,0.003921574215390564
CCN4,ENSG00000104415.14,0.003898736995639986
PAMR1,ENSG00000149090.12,0.003875022620980085
CILP2,ENSG00000160161.9,0.0038119364085485025
VIT,ENSG00000205221.12,0.003742868319981237
ASF1B,ENSG00000105011.9,0.003727564806711173
COMP,ENSG00000105664.11,0.0037130028998950105
NEK2,ENSG00000117650.13,0.0036651264573563792
PPP1R14A,ENSG00000167641.11,0.00362749491060954
UBE2T,ENSG00000077152.11,0.003557226395049306
APCDD1,ENSG00000154856.13,0.003524824035682548
SCN4B,ENSG00000177098.9,0.0035247617884549966
SH3BGRL2,ENSG00000198478.8,0.0033871779033352034
CHL1,ENSG00000134121.10,0.003299116150998112
GJB2,ENSG00000165474.8,0.0030819549494597903
TNS1,ENSG00000079308.19,0.0030410841403639005
PKMYT1,ENSG00000127564.17,0.0029498114161679327
FAXDC2,ENSG00000170271.11,0.002916967154727141
ENPP2,ENSG00000136960.13,0.002912213050615621
MSRB3,ENSG00000174099.12,0.0028804620473191263
MYH11,ENSG00000133392.18,0.002875315225397144
PLPP4,ENSG00000203805.11,0.0028382762560740598
HLF,ENSG00000108924.14,0.00281477502045931
GPIHBP1,ENSG00000277494.2,0.0027758346126518984
PALMD,ENSG00000099260.11,0.002754414802086701
LIFR,ENSG00000113594.10,0.0026835850419004424
BGN,ENSG00000182492.16,0.002584122975717422
LRRC15,ENSG00000172061.9,0.002330622556023069
IL33,ENSG00000137033.11,0.0022742750001495367
NTRK2,ENSG00000148053.17,0.0022510306203781696
EPYC,ENSG00000083782.8,0.0022217584756866896
MATN3,ENSG00000132031.13,0.002200718045883814
CEP55,ENSG00000138180.16,0.002167068277321679
TSHZ2,ENSG00000182463.16,0.0021359354694051678
ATP1A2,ENSG00000018625.15,0.0021129720143401583
KIF4A,ENSG00000090889.12,0.002075019329043498
MMP13,ENSG00000137745.12,0.002056221809665157
MEOX2,ENSG00000106511.6,0.002054479700549609
PDE2A,ENSG00000186642.16,0.002045459519742458
EGFR,ENSG00000146648.19,0.0020242973658448986
C9orf116,ENSG00000160345.13,0.002000112152438816
CDCA8,ENSG00000134690.11,0.0019995671964474432
LEPR,ENSG00000116678.20,0.0019719548592259544
MFAP2,ENSG00000117122.14,0.001968377801805899
TGFBR3,ENSG00000069702.11,0.001907501624401362
COL11A1,ENSG00000060718.22,0.0019034581459822894
FGF2,ENSG00000138685.17,0.0018323579769926085
IQGAP3,ENSG00000183856.11,0.0018058625119400128
PTTG1,ENSG00000164611.13,0.0017974516182424967
SLC44A4,ENSG00000204385.13,0.0017840389005918248
MYOC,ENSG00000034971.17,0.0017318297810650796
NDC80,ENSG00000080986.13,0.0017305782932298315
SPARCL1,ENSG00000152583.12,0.0017245608669554725
PLK1,ENSG00000166851.15,0.0017067106099905884
PGM5,ENSG00000154330.13,0.001697909464938356
CCL11,ENSG00000172156.4,0.0016938354715950509
TMTC1,ENSG00000133687.16,0.0016757028421137254
HOXC13,ENSG00000123364.5,0.0016612046699811742
IGFBP6,ENSG00000167779.9,0.0016444456752237769
TGFBR2,ENSG00000163513.19,0.0015905302731345577
ECRG4,ENSG00000119147.10,0.001572608293743617
HAGHL,ENSG00000103253.19,0.0015614348286111823
NDRG2,ENSG00000165795.23,0.0015602775110683453
LAMP5,ENSG00000125869.10,0.001555229369856618
ALDOC,ENSG00000109107.14,0.0015444144056733099
CREB3L1,ENSG00000157613.11,0.0015148474123551515
TSPAN7,ENSG00000156298.13,0.0014450643174682449
NUF2,ENSG00000143228.13,0.001431942051985848
AURKA,ENSG00000087586.18,0.0013651110724435885
LYVE1,ENSG00000133800.9,0.001352565592298512
TNMD,ENSG00000000005.6,0.00134355857889485
PRR36,ENSG00000183248.12,0.0013354308654149108
CDK1,ENSG00000170312.16,0.0013343457223869927
TROAP,ENSG00000135451.13,0.0013166825837405238
GPC3,ENSG00000147257.15,0.001311321932700338
CD36,ENSG00000135218.19,0.0013089302472538192
ZBTB16,ENSG00000109906.14,0.0013052330034258703
TPX2,ENSG00000088325.16,0.00124330016330636
DLGAP5,ENSG00000126787.13,0.0012402779237855595
BMP5,ENSG00000112175.8,0.0012275228203102954
NFIB,ENSG00000147862.17,0.0012158070845168097
ABCA8,ENSG00000141338.14,0.0011783731237204646
MELK,ENSG00000165304.8,0.001173208237818108
ADH1C,ENSG00000248144.6,0.0011390952719989617
SBK1,ENSG00000188322.8,0.0011079417898742915
TF,ENSG00000091513.16,0.001073711454929029
IGF2BP2,ENSG00000073792.16,0.0010663657079092873
KLF15,ENSG00000163884.4,0.0010233952437134304
BUB1,ENSG00000169679.15,0.0010185877984491504
SPAG5,ENSG00000076382.17,0.001015468469194359
MET,ENSG00000105976.16,0.001004074035424059
ABCA9,ENSG00000154258.17,0.0009912015594635048
AIF1L,ENSG00000126878.13,0.0009859979091500382
ZMYND10,ENSG00000004838.14,0.000976580746856037
OXTR,ENSG00000180914.10,0.0009712688803847829
ZWINT,ENSG00000122952.17,0.0009682219331081378
FHL1,ENSG00000022267.19,0.0009580903464031581
CDC20,ENSG00000117399.14,0.0009427457627828657
PITX1,ENSG00000069011.16,0.000941487732695215
MAOA,ENSG00000189221.10,0.0009331760388982829
UHRF1,ENSG00000276043.5,0.0009268079601318858
SYNDIG1,ENSG00000101463.6,0.0009191313455722112
KIF26B,ENSG00000162849.16,0.0009058951766987201
MT1X,ENSG00000187193.9,0.0008984012342627261
FAP,ENSG00000078098.14,0.0008956609599379935
MKI67,ENSG00000148773.14,0.0008806294494027071
CST2,ENSG00000170369.4,0.0008695306891540427
TMEM47,ENSG00000147027.4,0.0008662135413950516
DEGS2,ENSG00000168350.8,0.0008399106974464666
CDCA5,ENSG00000146670.10,0.0008276054276945933
KIF18B,ENSG00000186185.14,0.0008175400726976717
AQP1,ENSG00000240583.13,0.0008036677183959492
LOXL4,ENSG00000138131.4,0.0007944605210688259
CST4,ENSG00000101441.4,0.0007837046341875889
MAOB,ENSG00000069535.14,0.0007752016516780979
TNXB,ENSG00000168477.19,0.0007577145190323489
CLEC3B,ENSG00000163815.6,0.0007469201124619464
CLMP,ENSG00000166250.12,0.0007307513342625636
NPR1,ENSG00000169418.10,0.0007263679332018162
RHBDL1,ENSG00000103269.14,0.0007218954326418129
FAM107A,ENSG00000168309.18,0.0007181726696696964
PPP1R1A,ENSG00000135447.17,0.0007103313890236593
RAB26,ENSG00000167964.13,0.0007035131814150622
EBF1,ENSG00000164330.17,0.0006977446513938682
LRRN4CL,ENSG00000177363.5,0.0006816749097172188
MUC1,ENSG00000185499.16,0.0006796004285596217
CA3,ENSG00000164879.7,0.0006611410269318876
MISP,ENSG00000099812.9,0.0006571489798781007
SMOC1,ENSG00000198732.11,0.0006488276356387921
KIF2C,ENSG00000142945.13,0.0006459890138325641
SFRP2,ENSG00000145423.5,0.0006259760942004457
IL4I1,ENSG00000104951.16,0.0006100029419697994
SYNPO2,ENSG00000172403.11,0.0006086703239551641
SDC1,ENSG00000115884.11,0.0005935580090658784
CNN1,ENSG00000130176.8,0.0005768148641379315
SYT17,ENSG00000103528.17,0.0005746711359174671
CTHRC1,ENSG00000164932.13,0.0005681582700876433
PDK4,ENSG00000004799.8,0.0005645370262880001
CXCL2,ENSG00000081041.9,0.0005617144337191988
ASPM,ENSG00000066279.18,0.0005394724487647186
KLHDC9,ENSG00000162755.14,0.0005382019534623412
ANLN,ENSG00000011426.11,0.0005325548477199793
RRM2,ENSG00000171848.16,0.0005315992831799521
GSTM5,ENSG00000134201.12,0.0005181083876192481
LRRN2,ENSG00000170382.12,0.0005137080936713186
MESP1,ENSG00000166823.5,0.0005088821897010654
TINAGL1,ENSG00000142910.16,0.0005066432823950998
FCMR,ENSG00000162894.12,0.0005064764126369985
ANXA9,ENSG00000143412.10,0.0005062369165081058
SIM2,ENSG00000159263.16,0.00047438696163983887
SLC7A5,ENSG00000103257.9,0.0004724055542695215
ALDH1A1,ENSG00000165092.13,0.00046812954513264233
AKR1C1,ENSG00000187134.14,0.0004595800749700886
MMP1,ENSG00000196611.5,0.00044853631719534603
AQP7,ENSG00000165269.13,0.00044690317990160724
ADAMTS1,ENSG00000154734.16,0.00044295617357620754
KIF20A,ENSG00000112984.12,0.0004411130989111429
CBX2,ENSG00000173894.11,0.00044081622355760777
AOC3,ENSG00000131471.7,0.000439573465899135
CRIM1,ENSG00000150938.10,0.00043490276302150994
AEBP1,ENSG00000106624.11,0.00043338478573972294
PLIN4,ENSG00000167676.4,0.0004306662212140678
H2BU1,ENSG00000196890.4,0.00042451146224645745
EPHB6,ENSG00000106123.12,0.00042239092275503457
GABRE,ENSG00000102287.19,0.0004135286980120413
SKA1,ENSG00000154839.10,0.0004133034480195035
CIDEC,ENSG00000187288.12,0.0004126890992122373
LRRC46,ENSG00000141294.10,0.00041048041682612035
CLDN5,ENSG00000184113.9,0.00040928403319205267
CST1,ENSG00000170373.8,0.0004071395622109191
GTSE1,ENSG00000075218.19,0.0004060991839291301
SAMD11,ENSG00000187634.12,0.00040498806867892025
ISM1,ENSG00000101230.6,0.0004040782395549198
KIFC2,ENSG00000167702.13,0.0004018871447820797
CNIH2,ENSG00000174871.11,0.0004011855857733634
METRN,ENSG00000103260.9,0.00040011280293306503
EDN2,ENSG00000127129.10,0.00039880394147212567
FOXA1,ENSG00000129514.8,0.0003958875878412118
H2BC17,ENSG00000274641.2,0.0003953201572232683
KLF4,ENSG00000136826.15,0.0003950250714599788
FGF10,ENSG00000070193.5,0.0003948129885442045
TMEM119,ENSG00000183160.9,0.0003923313239278616
SMYD1,ENSG00000115593.15,0.0003914405481945648
SYNM,ENSG00000182253.15,0.00038724659628635856
KLK4,ENSG00000167749.11,0.0003832111103239094
LEP,ENSG00000174697.5,0.0003819770626528175
SMIM22,ENSG00000267795.6,0.0003799915110693023
RBP7,ENSG00000162444.12,0.00037679441779131387
RHPN1,ENSG00000158106.14,0.00037425995849972566
EVL,ENSG00000196405.13,0.0003737303298352853
SFRP1,ENSG00000104332.12,0.00037362938212996986
CREB3L4,ENSG00000143578.16,0.0003723665560871629
HBB,ENSG00000244734.4,0.0003716082909678032
ACACB,ENSG00000076555.15,0.0003667144347028163
MAPK15,ENSG00000181085.15,0.0003651572855924523
COL17A1,ENSG00000065618.21,0.00036156511750260953
HOXB2,ENSG00000173917.10,0.00036090937408664325
PLAAT5,ENSG00000168004.10,0.0003587466411293266
SAMD5,ENSG00000203727.4,0.000356465221198752
CENPF,ENSG00000117724.13,0.00035546294854545607
C1orf115,ENSG00000162817.7,0.0003523322935031645
COL5A2,ENSG00000204262.14,0.00035004638100694124
AGTR1,ENSG00000144891.18,0.00034978831870074593
EFEMP1,ENSG00000115380.20,0.0003480601110678785
TP63,ENSG00000073282.14,0.00034452922456507584
MAL2,ENSG00000147676.14,0.00034368424329752516
IGSF9,ENSG00000085552.17,0.00033997161726326535
FAM189A2,ENSG00000135063.19,0.0003336801854942654
ARNT2,ENSG00000172379.21,0.0003256113445637272
NDNF,ENSG00000173376.14,0.00032376379103975873
PEBP4,ENSG00000134020.8,0.0003220248089428648
SORCS2,ENSG00000184985.16,0.00031460880468036837
TJP3,ENSG00000105289.15,0.0003103164965602548
TNNT3,ENSG00000130595.19,0.00030641553979349754
CCDC78,ENSG00000162004.18,0.0003024004231701374
SPRY1,ENSG00000164056.11,0.000301866365531834
HAS3,ENSG00000103044.11,0.00030039154001190515
CTF1,ENSG00000150281.7,0.0002998826917484613
FN1,ENSG00000115414.21,0.0002989706920996463
DTL,ENSG00000143476.18,0.00029853781858143715
FGF1,ENSG00000113578.18,0.00029488620047081536
SULF2,ENSG00000196562.14,0.00029432215678761134
RAB31,ENSG00000168461.13,0.00029229829537353046
CDKN1C,ENSG00000129757.14,0.0002850914442716738
PI16,ENSG00000164530.15,0.0002824957121363637
MEOX1,ENSG00000005102.14,0.000282361335518756
CX3CL1,ENSG00000006210.7,0.0002812829964777886
TMEM121,ENSG00000184986.11,0.0002801761545278174
NGFR,ENSG00000064300.9,0.00027922987216398294
SOCS2,ENSG00000120833.14,0.0002765525110589594
HSPB7,ENSG00000173641.18,0.00027009489297133427
COL1A1,ENSG00000108821.14,0.0002695943565524855
DST,ENSG00000151914.20,0.00026814006653772297
MISP3,ENSG00000141854.9,0.00026743559400830907
PBK,ENSG00000168078.10,0.00026676597045304943
TMEM100,ENSG00000166292.12,0.0002624884854892952
MLXIPL,ENSG00000009950.16,0.00026201916760738733
INSYN2B,ENSG00000204767.4,0.0002589375093545974
CXCL12,ENSG00000107562.16,0.00025838267978888906
CSTA,ENSG00000121552.4,0.00025836874322836777
SRPX,ENSG00000101955.15,0.0002578688188494015
COL1A2,ENSG00000164692.18,0.0002551357570193735
HOXB13,ENSG00000159184.8,0.00025322927811875263
INMT,ENSG00000241644.2,0.000253126056418367
EDN3,ENSG00000124205.18,0.0002528829309105846
PER1,ENSG00000179094.16,0.0002517922998008858
PTGER3,ENSG00000050628.20,0.00025126398914365213
HOXC10,ENSG00000180818.5,0.00025083720632409546
GPX3,ENSG00000211445.12,0.00025053150443264655
CLDN11,ENSG00000013297.12,0.00024988657225899036
COL12A1,ENSG00000111799.21,0.0002498328171686815
GPD1,ENSG00000167588.13,0.0002491949454170213
CCNA2,ENSG00000145386.11,0.00024733498167570187
KAZALD1,ENSG00000107821.15,0.00024622757075023967
TRIP13,ENSG00000071539.14,0.00024370930548143065
ADCY5,ENSG00000173175.15,0.00024267976144100962
PTN,ENSG00000105894.12,0.00024189131634802773
RHCG,ENSG00000140519.14,0.00024005532388420554
KCNE4,ENSG00000152049.6,0.0002389856347211226
FABP4,ENSG00000170323.9,0.00023745688781523147
GPC4,ENSG00000076716.9,0.0002363206391220488
GHR,ENSG00000112964.14,0.00023593340074201807
SLC35F3,ENSG00000183780.13,0.0002311543245707946
TACR1,ENSG00000115353.11,0.00023096778272208162
HES6,ENSG00000144485.11,0.00023092705137435688
PDGFD,ENSG00000170962.13,0.0002250010422771743
GNA14,ENSG00000156049.7,0.00022498568572147914
HCAR2,ENSG00000182782.8,0.00022363614902654407
PPARG,ENSG00000132170.23,0.00022249038972428834
PRR11,ENSG00000068489.13,0.0002211798537533523
PHGDH,ENSG00000092621.13,0.00021850899217741837
NNAT,ENSG00000053438.11,0.00021847711767776376
CAPN6,ENSG00000077274.9,0.00021682328979364247
GPAM,ENSG00000119927.14,0.00021561036101825314
MMP3,ENSG00000149968.12,0.00021511153670599313
ACTA2,ENSG00000107796.13,0.00021491527700665303
SPEF1,ENSG00000101222.12,0.00021430103467939165
MXRA5,ENSG00000101825.8,0.0002141257351808687
PRR15,ENSG00000176532.4,0.00021219757872717926
ATP2A3,ENSG00000074370.18,0.00021189186146421067
SELP,ENSG00000174175.17,0.00020543087865365959
FAM83E,ENSG00000105523.3,0.000201925745501625
H2AC13,ENSG00000196747.4,0.0002013772338350561
AKR1C3,ENSG00000196139.14,0.0002012638985895509
TIMP4,ENSG00000157150.5,0.00019673407013930932
LRP1B,ENSG00000168702.18,0.00019615819277007037
COX6C,ENSG00000164919.11,0.00019597048999982696
SEMA6D,ENSG00000137872.17,0.0001952759311333968
LAMA3,ENSG00000053747.17,0.00019364425476561635
KIF14,ENSG00000118193.12,0.00019082650245891853
ZNF703,ENSG00000183779.7,0.00018810733619925688
SNCG,ENSG00000173267.14,0.00018772620577720613
PSAT1,ENSG00000135069.14,0.00018726563155618234
ANGPTL1,ENSG00000116194.13,0.00018634901737564393
CNTFR,ENSG00000122756.15,0.0001856032821347629
OGN,ENSG00000106809.11,0.00018464419586308544
SPP1,ENSG00000118785.14,0.00018309236009715152
HSH2D,ENSG00000196684.12,0.00018179124451100175
KLHL13,ENSG00000003096.14,0.00018136240780188944
TMEM238,ENSG00000233493.4,0.0001811243320584082
KIFC1,ENSG00000237649.8,0.00018024762988450935
CCL28,ENSG00000151882.11,0.00017864450020759889
TPPP,ENSG00000171368.12,0.00017858496754249352
NOVA1,ENSG00000139910.20,0.00017838846774758288
IGSF1,ENSG00000147255.19,0.0001783869447548643
SLC7A4,ENSG00000099960.13,0.00017734224276689235
FAM234B,ENSG00000084444.14,0.00017561583373476732
PARM1,ENSG00000169116.11,0.00017477501002429181
SAA2,ENSG00000134339.9,0.0001747058176210132
SPOCK2,ENSG00000107742.13,0.00017370803374378832
ARTN,ENSG00000117407.17,0.00017024362545842788
PHYHD1,ENSG00000175287.19,0.00016987394305359343
RHOU,ENSG00000116574.6,0.00016900026096488795
ZNF503,ENSG00000165655.17,0.0001679964954229657
SHISA9,ENSG00000237515.9,0.0001673919480406988
NAP1L2,ENSG00000186462.9,0.00016722305728080142
NPY2R,ENSG00000185149.6,0.00016617624670072295
TESC,ENSG00000088992.18,0.0001652490599298306
NPNT,ENSG00000168743.13,0.0001651625090582657
CSN1S1,ENSG00000126545.14,0.00016467201588020138
WNT11,ENSG00000085741.13,0.00016256323750840398
SAA1,ENSG00000173432.12,0.00016185503738526524
CXCL14,ENSG00000145824.13,0.0001603885621693992
KANK4,ENSG00000132854.19,0.00016002649631510063
UGCG,ENSG00000148154.10,0.00015954671535616674
PWWP3B,ENSG00000157502.13,0.00015935235182504902
HSPB6,ENSG00000004776.13,0.00015787581266461713
TSPAN8,ENSG00000127324.9,0.0001567115929626931
GBP5,ENSG00000154451.14,0.0001565525119469799
COL4A6,ENSG00000197565.16,0.00015626118606900313
SIX2,ENSG00000170577.8,0.00015582760149404797
HCAR1,ENSG00000196917.6,0.0001555979111747356
CPAMD8,ENSG00000160111.14,0.00015500124596495494
HOXC11,ENSG00000123388.4,0.00015443831641428024
TMEM132C,ENSG00000181234.9,0.00015390998479273998
PIMREG,ENSG00000129195.16,0.00015224185434255727
CTXN1,ENSG00000178531.6,0.00015215075474955182
TNFRSF18,ENSG00000186891.14,0.00015160161051239906
EGR1,ENSG00000120738.8,0.00015044717678389783
CXCL9,ENSG00000138755.6,0.0001501503808348379
MGLL,ENSG00000074416.14,0.00014881105415113415
HPN,ENSG00000105707.14,0.00014816500546623618
NPY5R,ENSG00000164129.12,0.00014765452406441227
F2RL2,ENSG00000164220.7,0.00014736917008495155
KCND3,ENSG00000171385.10,0.00014729169006853334
H3C10,ENSG00000278828.1,0.0001460461790091943
SEMA3G,ENSG00000010319.7,0.0001455046086974334
CENPW,ENSG00000203760.9,0.00014405454049281773
MFGE8,ENSG00000140545.15,0.0001439574244498834
BIRC5,ENSG00000089685.15,0.00014305938370735453
H2BC12,ENSG00000197903.8,0.00014293393569156157
SLC7A8,ENSG00000092068.20,0.00014262463926685838
ESM1,ENSG00000164283.13,0.00014155860962398765
VANGL2,ENSG00000162738.6,0.00014043224332988753
ANGPTL7,ENSG00000171819.5,0.0001400189558497303
FGD3,ENSG00000127084.19,0.00013987888623923057
ARC,ENSG00000198576.4,0.00013960396266342226
MARCO,ENSG00000019169.10,0.00013857605457176191
NAT8L,ENSG00000185818.8,0.0001371544446601139
REPS2,ENSG00000169891.18,0.0001370256168122777
VCAN,ENSG00000038427.16,0.0001364992794544271
DLX5,ENSG00000105880.7,0.00013538907772698782
RCAN1,ENSG00000159200.18,0.0001344127873253083
IRX1,ENSG00000170549.4,0.0001338634192429483
CYBRD1,ENSG00000071967.12,0.00013140715211999195
SELENOP,ENSG00000250722.6,0.00012977170363606263
CDCA2,ENSG00000184661.14,0.00012913836594205644
MAPK8IP2,ENSG00000008735.14,0.00012848528967019157
CDC6,ENSG00000094804.12,0.00012744928456799684
AGR3,ENSG00000173467.9,0.0001271795717717383
GPER1,ENSG00000164850.15,0.00012599561552157411
ENTPD8,ENSG00000188833.10,0.00012578951987571841
LRRC6,ENSG00000129295.9,0.00012533880281045802
H2BC21,ENSG00000184678.10,0.00012458780301147633
GASK1B,ENSG00000164125.16,0.00012425529021327334
CYFIP2,ENSG00000055163.20,0.00012395751605426413
B4GALNT3,ENSG00000139044.12,0.00012375721087991602
KCNMB1,ENSG00000145936.9,0.0001231669512801831
ALX4,ENSG00000052850.8,0.0001216992275390357
GPM6B,ENSG00000046653.15,0.000121580609823168
SULF1,ENSG00000137573.14,0.00012091165670121932
LRRC56,ENSG00000161328.11,0.00012022514689428608
ESPN,ENSG00000187017.17,0.00011981809395596171
RALGPS2,ENSG00000116191.17,0.00011849237674481939
PLAU,ENSG00000122861.16,0.00011755329600005534
LRG1,ENSG00000171236.10,0.0001175458769550593
ERICH2,ENSG00000204334.7,0.00011747165427209585
CCDC69,ENSG00000198624.13,0.0001168801640544295
ACTG2,ENSG00000163017.14,0.00011667650046657619
PKIB,ENSG00000135549.15,0.00011588195967101484
NCAPG,ENSG00000109805.10,0.00011472827734697556
GJA1,ENSG00000152661.9,0.00011451757186912797
PLAC9,ENSG00000189129.14,0.0001131635840775348
LIMCH1,ENSG00000064042.18,0.00011190750888829786
CENPA,ENSG00000115163.15,0.00011132292434714287
CXCR3,ENSG00000186810.8,0.00011097918075565852
ITGA7,ENSG00000135424.18,0.00011042176010722734
SPESP1,ENSG00000258484.4,0.00011033243164381414
OPRPN,ENSG00000171199.11,0.00011032105096160168
COL3A1,ENSG00000168542.16,0.00011023650998588338
SLC4A4,ENSG00000080493.18,0.00010944955864480589
GPR143,ENSG00000101850.13,0.00010934432049750793
BBOX1,ENSG00000129151.9,0.00010924572775336927
LDHD,ENSG00000166816.15,0.00010819370213608975
CLDN8,ENSG00000156284.6,0.00010804163887466039
HBA2,ENSG00000188536.13,0.00010692931780650291
STEAP2,ENSG00000157214.14,0.00010455086286372472
PANX2,ENSG00000073150.14,0.0001043424334132073
CCDC8,ENSG00000169515.8,0.00010295016842815682
MMP9,ENSG00000100985.7,0.00010285676323123846
HMMR,ENSG00000072571.20,0.00010145399605726911
LGALS12,ENSG00000133317.16,0.00010000029130595564
PCP2,ENSG00000174788.10,9.918480137248957e-05
GDF10,ENSG00000266524.3,9.914586230357895e-05
ASPN,ENSG00000106819.13,9.905688627152986e-05
C4orf19,ENSG00000154274.15,9.904085761986214e-05
INSM1,ENSG00000173404.5,9.8998803207897e-05
KCNK15,ENSG00000124249.7,9.885200746073005e-05
EPS8L1,ENSG00000131037.15,9.871926712712947e-05
HS6ST3,ENSG00000185352.8,9.849233361430969e-05
CFB,ENSG00000243649.9,9.845382485572174e-05
LIPE,ENSG00000079435.10,9.84088805347781e-05
ADAMDEC1,ENSG00000134028.14,9.830674404818295e-05
NOSTRIN,ENSG00000163072.16,9.726797101335871e-05
NKAIN1,ENSG00000084628.10,9.716430548881649e-05
MDFI,ENSG00000112559.15,9.711835383020525e-05
TRIM29,ENSG00000137699.17,9.686498803480336e-05
BHLHE41,ENSG00000123095.6,9.667425554163893e-05
PPP2R2C,ENSG00000074211.14,9.587235778688816e-05
BMPR1B,ENSG00000138696.11,9.587123037396503e-05
CEBPD,ENSG00000221869.5,9.565132432609882e-05
G0S2,ENSG00000123689.6,9.468175069696576e-05
CSAG1,ENSG00000198930.13,9.407587450881485e-05
TMEM45A,ENSG00000181458.10,9.4017492256415e-05
CACNG4,ENSG00000075461.6,9.383999522113622e-05
PLAAT1,ENSG00000127252.7,9.349488003602093e-05
GALNT16,ENSG00000100626.17,9.322633514689235e-05
CHRD,ENSG00000090539.15,9.276937389026443e-05
AR,ENSG00000169083.18,9.219945215692445e-05
EXO1,ENSG00000174371.17,9.190117960050455e-05
GYG2,ENSG00000056998.20,9.150844912912665e-05
TSPYL5,ENSG00000180543.5,9.122897461954368e-05
DNALI1,ENSG00000163879.11,9.078993099723704e-05
IGFL3,ENSG00000188624.3,9.077092162228832e-05
BUB1B,ENSG00000156970.13,9.058076823557267e-05
QDPR,ENSG00000151552.12,9.049710446329896e-05
CNTNAP2,ENSG00000174469.23,9.030721724835743e-05
PCP4L1,ENSG00000248485.2,9.016066996890032e-05
ADIPOQ,ENSG00000181092.10,8.96653064161127e-05
CXCL10,ENSG00000169245.6,8.942343424022447e-05
CYP39A1,ENSG00000146233.8,8.940844603451489e-05
CLEC11A,ENSG00000105472.13,8.877181850451407e-05
SEZ6L2,ENSG00000174938.14,8.802327086428778e-05
C7,ENSG00000112936.19,8.781225605904669e-05
COL8A2,ENSG00000171812.13,8.741034051847025e-05
BCHE,ENSG00000114200.10,8.665822647882622e-05
PTPRZ1,ENSG00000106278.12,8.652700345286634e-05
CELSR1,ENSG00000075275.18,8.634418061932359e-05
GXYLT2,ENSG00000172986.13,8.615608821428093e-05
FGFBP1,ENSG00000137440.5,8.558097275420026e-05
BST2,ENSG00000130303.13,8.553789509194153e-05
CPLX1,ENSG00000168993.15,8.538932878583365e-05
UNC5A,ENSG00000113763.12,8.475558462200136e-05
SRMS,ENSG00000125508.3,8.364414168364977e-05
PDLIM3,ENSG00000154553.16,8.342057310300162e-05
INSYN2A,ENSG00000188916.9,8.325310143654479e-05
FAM111B,ENSG00000189057.11,8.318281972060524e-05
PAQR6,ENSG00000160781.17,8.3086365976847e-05
CEMIP,ENSG00000103888.17,8.216499096534777e-05
LEF1,ENSG00000138795.10,8.195026965277358e-05
FOSB,ENSG00000125740.14,8.182728774927829e-05
DMTN,ENSG00000158856.18,8.14932322758676e-05
CCL13,ENSG00000181374.8,8.129761397672309e-05
GLYAT,ENSG00000149124.11,8.115960183635525e-05
SLC2A10,ENSG00000197496.6,8.056043842760354e-05
PRLR,ENSG00000113494.17,8.034682770657917e-05
CPNE7,ENSG00000178773.15,8.019979751192752e-05
SLIT3,ENSG00000184347.15,7.988593872619146e-05
MEST,ENSG00000106484.16,7.959345813470949e-05
MAPT,ENSG00000186868.16,7.869639482583192e-05
PPP1R3C,ENSG00000119938.9,7.817424210823846e-05
SERPINA5,ENSG00000188488.14,7.7881779684967e-05
DDR2,ENSG00000162733.19,7.784249013828793e-05
MYEOV,ENSG00000172927.8,7.730446280421713e-05
PYY,ENSG00000131096.10,7.697706702801651e-05
SH3BGRL,ENSG00000131171.13,7.606416142221515e-05
FOXJ1,ENSG00000129654.8,7.60254611405393e-05
GSTM3,ENSG00000134202.11,7.574054993359954e-05
GASK1A,ENSG00000144649.9,7.552625806829404e-05
RGS1,ENSG00000090104.12,7.493684455529206e-05
SVEP1,ENSG00000165124.18,7.48025373013324e-05
CACNA1D,ENSG00000157388.19,7.474952266354256e-05
HPGD,ENSG00000164120.14,7.393284988004061e-05
EPN3,ENSG00000049283.18,7.36447987093701e-05
DLK1,ENSG00000185559.16,7.363310734366894e-05
CBLC,ENSG00000142273.13,7.347141154152897e-05
MYBL2,ENSG00000101057.16,7.327687417704649e-05
ELOVL2,ENSG00000197977.4,7.269995538724858e-05
SEC14L2,ENSG00000100003.18,7.128256107114754e-05
SRARP,ENSG00000183888.4,7.108316518103294e-05
GPC6,ENSG00000183098.11,7.103063519855561e-05
CBFA2T3,ENSG00000129993.15,7.086986365207714e-05
LAMB3,ENSG00000196878.15,7.010109819604317e-05
SPOCK1,ENSG00000152377.14,7.003234667784406e-05
ABAT,ENSG00000183044.12,7.003031187788982e-05
CP,ENSG00000047457.14,6.993593026555853e-05
ADAMTS16,ENSG00000145536.15,6.968543629532156e-05
FUT3,ENSG00000171124.13,6.90075391411532e-05
TBX1,ENSG00000184058.14,6.811064995656164e-05
NAT1,ENSG00000171428.15,6.757974005222909e-05
PTX3,ENSG00000163661.4,6.726222267016996e-05
MMRN1,ENSG00000138722.10,6.722578933123175e-05
COL9A2,ENSG00000049089.15,6.68879197730817e-05
PLPPR3,ENSG00000129951.19,6.685595895889463e-05
FBXL16,ENSG00000127585.12,6.646031982003689e-05
HAPLN3,ENSG00000140511.12,6.62374352370595e-05
CST5,ENSG00000170367.5,6.595865052903183e-05
CDC45,ENSG00000093009.11,6.58396381873201e-05
PLEKHB1,ENSG00000021300.14,6.581832247139116e-05
AC007906.2,ENSG00000277639.2,6.57983363525646e-05
STARD10,ENSG00000214530.9,6.564675851587166e-05
EGF,ENSG00000138798.13,6.530140081870715e-05
LRRC10B,ENSG00000204950.4,6.437930606985798e-05
TPRG1,ENSG00000188001.10,6.424509786941908e-05
LFNG,ENSG00000106003.13,6.384644560707832e-05
CRISPLD1,ENSG00000121005.9,6.360123911014759e-05
CACNA2D2,ENSG00000007402.12,6.344649491112893e-05
H1-2,ENSG00000187837.4,6.323352149394293e-05
XBP1,ENSG00000100219.16,6.320693635865987e-05
SLC17A9,ENSG00000101194.18,6.317189294878719e-05
CCDC74A,ENSG00000163040.15,6.311188354427462e-05
GPR160,ENSG00000173890.17,6.270804329211967e-05
GALNT14,ENSG00000158089.15,6.227125694942868e-05
IGF1R,ENSG00000140443.15,6.224828946256707e-05
COL6A3,ENSG00000163359.16,6.22093745720902e-05
BAIAP3,ENSG00000007516.14,6.004567265027498e-05
COL8A1,ENSG00000144810.16,5.979683264594411e-05
IKZF3,ENSG00000161405.17,5.97696565704743e-05
DEFB132,ENSG00000186458.5,5.9759768499240456e-05
EGFL6,ENSG00000198759.12,5.956780432740512e-05
SPINK4,ENSG00000122711.9,5.919457255049555e-05
IL17B,ENSG00000127743.6,5.89110225944588e-05
TMEM176A,ENSG00000002933.9,5.8892363486422545e-05
SYT1,ENSG00000067715.14,5.874701640394864e-05
PLIN1,ENSG00000166819.12,5.8373434978454e-05
MCM10,ENSG00000065328.17,5.827106594669923e-05
ATP1B1,ENSG00000143153.13,5.778710373089069e-05
HEPACAM2,ENSG00000188175.10,5.763775994867538e-05
COX7A1,ENSG00000161281.11,5.7523680058400426e-05
SLC13A2,ENSG00000007216.15,5.746664735117311e-05
CRACR2B,ENSG00000177685.17,5.7424247365512233e-05
SLC6A14,ENSG00000268104.3,5.740615594081872e-05
ABCC3,ENSG00000108846.16,5.739313680278662e-05
NDP,ENSG00000124479.11,5.731314063365473e-05
NHLRC4,ENSG00000257108.2,5.7207402667435395e-05
CD7,ENSG00000173762.8,5.672389398916499e-05
EHF,ENSG00000135373.13,5.599064015078127e-05
CAMK2N1,ENSG00000162545.6,5.520047996891376e-05
KRT5,ENSG00000186081.12,5.513159253417562e-05
NTS,ENSG00000133636.11,5.3857054897005733e-05
RLN2,ENSG00000107014.9,5.379615246547185e-05
IL17RD,ENSG00000144730.19,5.3791218802793355e-05
STX19,ENSG00000178750.3,5.323469318954837e-05
UGT8,ENSG00000174607.11,5.315587067999012e-05
UGT2B11,ENSG00000213759.10,5.312524056061582e-05
FBXL7,ENSG00000183580.10,5.312176664494601e-05
RBP4,ENSG00000138207.14,5.304642639807807e-05
MDK,ENSG00000110492.15,5.301259536802105e-05
MUC16,ENSG00000181143.15,5.2895323983085755e-05
CAPN8,ENSG00000203697.12,5.282663744788354e-05
KRT7,ENSG00000135480.16,5.2738048825127313e-05
CLIC6,ENSG00000159212.13,5.267260164050046e-05
AREG,ENSG00000109321.11,5.253269290289621e-05
CMBL,ENSG00000164237.9,5.2342137296133245e-05
SLC34A2,ENSG00000157765.13,5.1783086713275356e-05
EFNA3,ENSG00000143590.14,5.144860162040976e-05
GRIK3,ENSG00000163873.10,5.11874478878167e-05
P2RY10,ENSG00000078589.13,4.991530173197172e-05
CCNB2,ENSG00000157456.8,4.964585658428237e-05
SNAP25,ENSG00000132639.13,4.9428642589565314e-05
ENTPD3,ENSG00000168032.10,4.869911508451498e-05
SCUBE2,ENSG00000175356.14,4.835295020292945e-05
LYNX1,ENSG00000180155.20,4.8321306128146426e-05
CGN,ENSG00000143375.15,4.7994299767678794e-05
ETV7,ENSG00000010030.14,4.788051207039309e-05
CGA,ENSG00000135346.9,4.7829173531091405e-05
CD3E,ENSG00000198851.10,4.76523821581561e-05
CLU,ENSG00000120885.22,4.70609419890345e-05
TOP2A,ENSG00000131747.15,4.6998419560660885e-05
SP5,ENSG00000204335.4,4.6915565776330314e-05
KRT14,ENSG00000186847.6,4.659737032801512e-05
SIT1,ENSG00000137078.9,4.653198433071413e-05
CYP4Z1,ENSG00000186160.5,4.642410433887938e-05
TTC39A,ENSG00000085831.15,4.5985409529529084e-05
C3orf52,ENSG00000114529.13,4.5848830777011453e-05
IRS1,ENSG00000169047.5,4.564526983883501e-05
SGCG,ENSG00000102683.8,4.552703708970041e-05
GALNT15,ENSG00000131386.19,4.551630496123335e-05
GZMB,ENSG00000100453.13,4.540565445178759e-05
FRZB,ENSG00000162998.5,4.538052107470362e-05
MS4A14,ENSG00000166928.11,4.5201022353524735e-05
THRSP,ENSG00000151365.2,4.514034724326063e-05
FNDC1,ENSG00000164694.17,4.505151173933942e-05
CD3D,ENSG00000167286.10,4.4808065330552466e-05
GATA2,ENSG00000179348.12,4.4748210671320164e-05
MYBPC1,ENSG00000196091.15,4.466355335763087e-05
SERPINI1,ENSG00000163536.13,4.463187301331844e-05
CSN3,ENSG00000171209.3,4.46220443628003e-05
ICAM1,ENSG00000090339.9,4.450912549524471e-05
RAB25,ENSG00000132698.15,4.428849088129392e-05
SORBS1,ENSG00000095637.22,4.4262650738985054e-05
TAGLN,ENSG00000149591.17,4.3855318200091336e-05
SERPINA6,ENSG00000170099.6,4.369412807940161e-05
PIP,ENSG00000159763.4,4.348327636780791e-05
RERG,ENSG00000134533.6,4.34152536547896e-05
TMEM145,ENSG00000167619.13,4.333344678800211e-05
NR4A3,ENSG00000119508.18,4.327361994201687e-05
AURKB,ENSG00000178999.13,4.3039794771679545e-05
ATP13A5,ENSG00000187527.11,4.284317143589668e-05
COL14A1,ENSG00000187955.12,4.276395569902392e-05
CAPN9,ENSG00000135773.13,4.269313245034e-05
NDRG1,ENSG00000104419.17,4.264228550728759e-05
NOXA1,ENSG00000188747.8,4.248148794410203e-05
GABRP,ENSG00000094755.17,4.214388454511738e-05
LAMP3,ENSG00000078081.8,4.19599766091394e-05
CD177,ENSG00000204936.10,4.166901719549364e-05
KIF1A,ENSG00000130294.17,4.1593350091859426e-05
MMP10,ENSG00000166670.10,4.158889354484969e-05
PTK7,ENSG00000112655.16,4.1266929130262306e-05
HMGB3,ENSG00000029993.15,4.095614269847598e-05
BEX1,ENSG00000133169.6,4.05903792639509e-05
FAT2,ENSG00000086570.12,4.048941014578743e-05
QPCT,ENSG00000115828.17,4.0325257451462395e-05
LTB,ENSG00000227507.3,4.003061896932283e-05
PTHLH,ENSG00000087494.16,3.994510603670217e-05
HOXB3,ENSG00000120093.11,3.9715264241526136e-05
RHOH,ENSG00000168421.13,3.9704167058897204e-05
CD27,ENSG00000139193.4,3.957499748415006e-05
KRT86,ENSG00000170442.12,3.952768650490275e-05
HPX,ENSG00000110169.11,3.950892649245208e-05
BIK,ENSG00000100290.3,3.8882440529080647e-05
ITGBL1,ENSG00000198542.14,3.876591629966826e-05
THBS2,ENSG00000186340.16,3.871557412391725e-05
AGR2,ENSG00000106541.12,3.866728258164444e-05
SLC19A3,ENSG00000135917.16,3.8643727120789505e-05
MYLK,ENSG00000065534.19,3.863437140310636e-05
PTGES,ENSG00000148344.11,3.856580177892341e-05
GRP,ENSG00000134443.10,3.8323447291071835e-05
LURAP1L,ENSG00000153714.6,3.8001978213527566e-05
PRG4,ENSG00000116690.13,3.7979601568683874e-05
ATP13A4,ENSG00000127249.15,3.786022846253602e-05
SOCS3,ENSG00000184557.4,3.776169161925911e-05
GPRC5A,ENSG00000013588.9,3.76798986684626e-05
CST7,ENSG00000077984.6,3.7458390992773795e-05
ELAPOR1,ENSG00000116299.17,3.7440061210823086e-05
SOSTDC1,ENSG00000171243.8,3.731558671278054e-05
KLK6,ENSG00000167755.15,3.721883047855378e-05
OLR1,ENSG00000173391.9,3.71125622864152e-05
PROM2,ENSG00000155066.16,3.7037526307269716e-05
FOXM1,ENSG00000111206.13,3.6541519053377076e-05
AMPH,ENSG00000078053.17,3.6406381884766265e-05
KITLG,ENSG00000049130.16,3.632326074168576e-05
IDO1,ENSG00000131203.13,3.612874079705412e-05
MUCL1,ENSG00000172551.11,3.602441873118563e-05
APCDD1L,ENSG00000198768.11,3.5565637464452416e-05
SMR3B,ENSG00000171201.12,3.53503119052015e-05
GRB7,ENSG00000141738.14,3.517281367090306e-05
RARRES2,ENSG00000106538.10,3.507852661715242e-05
TTYH1,ENSG00000167614.14,3.50116961869409e-05
KRT18,ENSG00000111057.11,3.4244493415157195e-05
STEAP4,ENSG00000127954.13,3.410018154395898e-05
RSPO1,ENSG00000169218.14,3.391199881836764e-05
KRT4,ENSG00000170477.13,3.38065178378917e-05
CR2,ENSG00000117322.18,3.3789014426011687e-05
KCNJ3,ENSG00000162989.5,3.3704654113196274e-05
SLC7A10,ENSG00000130876.11,3.3492294255273993e-05
JPH2,ENSG00000149596.7,3.348451790684825e-05
FGG,ENSG00000171557.17,3.319503356526573e-05
SFN,ENSG00000175793.12,3.316482867574863e-05
PRSS8,ENSG00000052344.16,3.316378694130537e-05
TNFRSF19,ENSG00000127863.16,3.310697714414708e-05
FAM83D,ENSG00000101447.15,3.2774326654761307e-05
EPPK1,ENSG00000261150.3,3.263656779423631e-05
LONRF2,ENSG00000170500.13,3.262791868157734e-05
F3,ENSG00000117525.14,3.259367628451117e-05
GALNT5,ENSG00000136542.9,3.2552571523436225e-05
KRT19,ENSG00000171345.13,3.2468690276798924e-05
NUPR2,ENSG00000185290.4,3.216116032136988e-05
LAMC2,ENSG00000058085.15,3.20655403515887e-05
NME5,ENSG00000112981.5,3.205073673107177e-05
LAG3,ENSG00000089692.9,3.1563662490889244e-05
SBSN,ENSG00000189001.11,3.1517519774235015e-05
CLEC3A,ENSG00000166509.12,3.14096985129321e-05
CDO1,ENSG00000129596.5,3.1222063334310724e-05
PLEKHA4,ENSG00000105559.12,3.1109368523508174e-05
THSD4,ENSG00000187720.14,3.101661213341294e-05
EPHX4,ENSG00000172031.7,3.088188538416777e-05
H1-3,ENSG00000124575.7,3.082937755664996e-05
ADAMTS15,ENSG00000166106.3,3.079616811323242e-05
DIO2,ENSG00000211448.13,3.073383311751956e-05
ST6GAL1,ENSG00000073849.16,3.067133478166837e-05
CHRDL1,ENSG00000101938.15,3.061122713407584e-05
UGT2B4,ENSG00000156096.14,3.055118354210346e-05
SYT7,ENSG00000011347.10,3.050105276709002e-05
TMEM63C,ENSG00000165548.11,3.043467428924077e-05
DLX2,ENSG00000115844.11,3.036257355078637e-05
FPR3,ENSG00000187474.5,3.0359333584767206e-05
SHISA2,ENSG00000180730.5,3.0357756830565396e-05
SPRR3,ENSG00000163209.15,3.0291251177916037e-05
S100A14,ENSG00000189334.9,3.015689684378808e-05
SEMA3C,ENSG00000075223.14,2.9992401304848222e-05
TAP1,ENSG00000168394.11,2.9888870335252306e-05
RNF183,ENSG00000165188.13,2.9793123340604732e-05
CRYM,ENSG00000103316.12,2.9748441591742713e-05
GSTA1,ENSG00000243955.6,2.9606957545618172e-05
PTK6,ENSG00000101213.7,2.938447101144069e-05
GOLGA8A,ENSG00000175265.17,2.9382099918198055e-05
CTSW,ENSG00000172543.8,2.904379810535728e-05
ABI3BP,ENSG00000154175.18,2.8975560125829575e-05
NXPH1,ENSG00000122584.13,2.8959092352560754e-05
COL6A1,ENSG00000142156.15,2.8872048362327785e-05
GJB1,ENSG00000169562.13,2.885498093943408e-05
FABP7,ENSG00000164434.12,2.870917244331743e-05
KIF13B,ENSG00000197892.13,2.862363284949847e-05
ID4,ENSG00000172201.12,2.8415403289461706e-05
LIF,ENSG00000128342.5,2.8364632921887197e-05
C4A,ENSG00000244731.8,2.8336631562037708e-05
CPA4,ENSG00000128510.12,2.8334034527431902e-05
EN1,ENSG00000163064.7,2.8246525574788823e-05
CRYBG1,ENSG00000112297.18,2.816780544808012e-05
RBP5,ENSG00000139194.8,2.7799487679530178e-05
VGLL1,ENSG00000102243.13,2.765425249154042e-05
CYP4F11,ENSG00000171903.16,2.727253715632578e-05
MUC15,ENSG00000169550.14,2.7229464807104562e-05
SLC39A6,ENSG00000141424.13,2.721773208432761e-05
IL17RE,ENSG00000163701.19,2.7171677384276164e-05
HDC,ENSG00000140287.11,2.711535957020969e-05
RAMP1,ENSG00000132329.11,2.706596621775418e-05
CHRM1,ENSG00000168539.4,2.7041528526120043e-05
PIFO,ENSG00000173947.14,2.686985829470278e-05
MAML2,ENSG00000184384.14,2.671692892187461e-05
KCNN4,ENSG00000104783.14,2.660901823038533e-05
TTK,ENSG00000112742.10,2.6575895832667055e-05
OR2I1P,ENSG00000237988.5,2.6565181651622716e-05
ZNF711,ENSG00000147180.17,2.656291715512891e-05
SOX10,ENSG00000100146.18,2.6514588878130558e-05
PARD6B,ENSG00000124171.9,2.644849152542488e-05
CCDC160,ENSG00000203952.9,2.633428805263624e-05
CD2,ENSG00000116824.5,2.625738639940822e-05
SPIB,ENSG00000269404.7,2.623720073594764e-05
LCK,ENSG00000182866.17,2.5975254358713038e-05
FZD7,ENSG00000155760.2,2.587820011051067e-05
RTP4,ENSG00000136514.3,2.5864913494249064e-05
IL2RB,ENSG00000100385.14,2.582843389313264e-05
SEMA5A,ENSG00000112902.12,2.5771373082937344e-05
RGL3,ENSG00000205517.13,2.5768482890962647e-05
ARHGEF38,ENSG00000236699.9,2.5618565391097914e-05
EGR2,ENSG00000122877.16,2.55992234905816e-05
APOD,ENSG00000189058.9,2.554876435569981e-05
PLAT,ENSG00000104368.19,2.5509648523471933e-05
BCAM,ENSG00000187244.12,2.5491429093926895e-05
UBXN10,ENSG00000162543.6,2.533552376249989e-05
SOWAHA,ENSG00000198944.6,2.5279581114775135e-05
KCNK3,ENSG00000171303.7,2.5049499436760723e-05
OLFM4,ENSG00000102837.7,2.5008369756687937e-05
RAB17,ENSG00000124839.13,2.4667550519605718e-05
C15orf48,ENSG00000166920.13,2.4467112003544593e-05
NPIPB15,ENSG00000196436.8,2.4434202140075847e-05
ZFP57,ENSG00000204644.10,2.4412803425552666e-05
AKR7A3,ENSG00000162482.5,2.4409053029281493e-05
CPE,ENSG00000109472.14,2.439637624756619e-05
FMO1,ENSG00000010932.17,2.4379073294860756e-05
CNTN1,ENSG00000018236.15,2.428037400064126e-05
TGFA,ENSG00000163235.16,2.406813267701884e-05
TRIM36,ENSG00000152503.10,2.3994612440688496e-05
S100A8,ENSG00000143546.10,2.3964040579545552e-05
RECQL4,ENSG00000160957.14,2.3822138645771242e-05
KIT,ENSG00000157404.16,2.3565808340130196e-05
TNNI2,ENSG00000130598.16,2.355723498224724e-05
TMEM26,ENSG00000196932.12,2.340355282383232e-05
BRINP1,ENSG00000078725.13,2.3381032759017438e-05
CES1,ENSG00000198848.13,2.3105480057355064e-05
GALNT6,ENSG00000139629.16,2.307042890751847e-05
RORC,ENSG00000143365.19,2.3043749007067025e-05
WIF1,ENSG00000156076.10,2.2988536558729875e-05
ACVR1C,ENSG00000123612.16,2.294813119861996e-05
MEDAG,ENSG00000102802.10,2.2892507894282204e-05
SYT9,ENSG00000170743.17,2.2869660468481387e-05
CCL19,ENSG00000172724.12,2.2797633625496725e-05
MFSD2A,ENSG00000168389.18,2.2576546783023944e-05
PXMP4,ENSG00000101417.12,2.247229095722213e-05
PODXL2,ENSG00000114631.11,2.241784170206306e-05
PI3,ENSG00000124102.5,2.238369498877797e-05
RTN4RL1,ENSG00000185924.7,2.2203837915282614e-05
SPRR1B,ENSG00000169469.9,2.209740889835073e-05
DMKN,ENSG00000161249.21,2.2092247593915762e-05
TESMIN,ENSG00000132749.11,2.2081822766724713e-05
H2BC4,ENSG00000180596.7,2.1866470309047217e-05
PLAAT2,ENSG00000133328.4,2.1453560790233565e-05
H2BC7,ENSG00000277224.2,2.1421733005809323e-05
ELN,ENSG00000049540.18,2.136314528903146e-05
C9orf152,ENSG00000188959.9,2.136056545723375e-05
DCDC2,ENSG00000146038.12,2.135933025922245e-05
ENPP1,ENSG00000197594.13,2.1292440192405732e-05
RAB11FIP1,ENSG00000156675.16,2.0932142329476166e-05
SQLE,ENSG00000104549.12,2.0916814517186836e-05
CIDEA,ENSG00000176194.18,2.0806976674132727e-05
ACOX2,ENSG00000168306.13,2.0679153960229805e-05
C5orf38,ENSG00000186493.13,2.065845590396679e-05
CEACAM6,ENSG00000086548.9,2.0641674417095254e-05
COBL,ENSG00000106078.19,2.0569794912946027e-05
TRARG1,ENSG00000184811.4,2.0532952272294045e-05
ARHGAP36,ENSG00000147256.12,2.052729465592472e-05
SLC27A6,ENSG00000113396.13,2.0377431649465867e-05
KLK7,ENSG00000169035.12,2.0310544370694688e-05
SPANXB1,ENSG00000227234.2,2.0264115068473394e-05
ANPEP,ENSG00000166825.15,1.9985752126513718e-05
SYT12,ENSG00000173227.14,1.998132820864454e-05
SERPINB5,ENSG00000206075.14,1.9967348842566206e-05
TMEM158,ENSG00000249992.2,1.9949678144090407e-05
CDCP1,ENSG00000163814.8,1.9748131793587584e-05
NFKBIZ,ENSG00000144802.11,1.9541554183929112e-05
NAV2,ENSG00000166833.22,1.9421082157099296e-05
EMILIN1,ENSG00000138080.14,1.9381682828413644e-05
POSTN,ENSG00000133110.15,1.9294360914851274e-05
TAFA5,ENSG00000219438.9,1.914987858937857e-05
UCHL1,ENSG00000154277.13,1.9136391198813805e-05
MEX3A,ENSG00000254726.3,1.9127360119572266e-05
GJC3,ENSG00000176402.6,1.9115700259694268e-05
HSPA6,ENSG00000173110.8,1.900575089597876e-05
SLPI,ENSG00000124107.5,1.8959593031335182e-05
PDGFRA,ENSG00000134853.12,1.8955049162269617e-05
ARHGAP40,ENSG00000124143.10,1.860615259166379e-05
ROPN1,ENSG00000065371.17,1.8564561972131516e-05
PPP1R14C,ENSG00000198729.5,1.8500145110517643e-05
CACNG1,ENSG00000108878.5,1.8488493936162858e-05
TPSAB1,ENSG00000172236.18,1.845600029966216e-05
ETV4,ENSG00000175832.13,1.8331628045062196e-05
TRIM58,ENSG00000162722.9,1.830840923325232e-05
DPT,ENSG00000143196.5,1.82785484864211e-05
RAB27B,ENSG00000041353.10,1.826812718986018e-05
TK1,ENSG00000167900.12,1.8148308805388795e-05
ELF5,ENSG00000135374.11,1.813100709703355e-05
WNT7B,ENSG00000188064.10,1.8066923325159432e-05
PCP4,ENSG00000183036.11,1.8030526509246983e-05
BTG2,ENSG00000159388.6,1.8028613731881055e-05
GPX2,ENSG00000176153.12,1.7976358119913144e-05
CCNE1,ENSG00000105173.14,1.7845514384735533e-05
CD5,ENSG00000110448.11,1.766574576382363e-05
TMEM213,ENSG00000214128.11,1.7636960280986776e-05
SERPINA3,ENSG00000196136.18,1.7598817781226563e-05
GDPD3,ENSG00000102886.15,1.7569425301100616e-05
CMA1,ENSG00000092009.10,1.7404589216254114e-05
MFAP4,ENSG00000166482.12,1.7377175115018785e-05
TSPAN5,ENSG00000168785.8,1.7178243912960674e-05
GFRA1,ENSG00000151892.15,1.7126281929264712e-05
H2BC5,ENSG00000158373.8,1.7102527120718995e-05
TACSTD2,ENSG00000184292.7,1.685342827385479e-05
CHGB,ENSG00000089199.10,1.667436412954057e-05
NEFH,ENSG00000100285.10,1.6664694651563252e-05
CD24,ENSG00000272398.6,1.6654906906527063e-05
DLX3,ENSG00000064195.7,1.6594002023196922e-05
ST6GALNAC2,ENSG00000070731.11,1.658474418241487e-05
CDKN2A,ENSG00000147889.18,1.6583989059821477e-05
DNAJC12,ENSG00000108176.15,1.6433226461974807e-05
ST6GALNAC5,ENSG00000117069.15,1.6413046138287598e-05
SOX11,ENSG00000176887.7,1.6227761968327825e-05
SLC49A3,ENSG00000169026.13,1.6141763222674314e-05
PLCB4,ENSG00000101333.17,1.609907521000913e-05
CPXM1,ENSG00000088882.8,1.6051654434053995e-05
TPSB2,ENSG00000197253.13,1.5953854905617704e-05
PNMT,ENSG00000141744.4,1.586696747696574e-05
IFI44,ENSG00000137965.11,1.58523918249326e-05
KLHDC7B,ENSG00000130487.9,1.5776805619307297e-05
BMP4,ENSG00000125378.16,1.576329398253215e-05
CCL3L3,ENSG00000276085.1,1.5679583597209095e-05
FOS,ENSG00000170345.10,1.5648051543720077e-05
NETO2,ENSG00000171208.10,1.555338730758112e-05
AP1M2,ENSG00000129354.12,1.5516806441904007e-05
IFI6,ENSG00000126709.15,1.5497256672250824e-05
MID1,ENSG00000101871.16,1.5487571026738236e-05
BCAS1,ENSG00000064787.13,1.5355088099157406e-05
C6orf141,ENSG00000197261.11,1.53132050981969e-05
PTPN13,ENSG00000163629.13,1.5153815684817954e-05
KRT81,ENSG00000205426.10,1.5065894549811417e-05
CAMK2B,ENSG00000058404.20,1.5043081620511864e-05
AK5,ENSG00000154027.19,1.4989386658027897e-05
VAV3,ENSG00000134215.16,1.4968802877006572e-05
CKMT1A,ENSG00000223572.10,1.4787196625397863e-05
NFIX,ENSG00000008441.18,1.4709030120357805e-05
KYNU,ENSG00000115919.15,1.470343666134863e-05
FKBP5,ENSG00000096060.15,1.4607399285348058e-05
CTSG,ENSG00000100448.4,1.4570284916901735e-05
C4B,ENSG00000224389.9,1.4563007183200294e-05
BCL2,ENSG00000171791.14,1.4507657875004842e-05
UGT2B28,ENSG00000135226.18,1.4387849394586108e-05
INAVA,ENSG00000163362.11,1.4272808800646979e-05
CAPS,ENSG00000105519.18,1.417376273668375e-05
TPD52L1,ENSG00000111907.21,1.4167244957635549e-05
BARX2,ENSG00000043039.7,1.4154618912735227e-05
FCGR3A,ENSG00000203747.12,1.4124203641515123e-05
ROPN1B,ENSG00000114547.10,1.4121195070302922e-05
SYNPO2L,ENSG00000166317.12,1.4119590309199308e-05
SLC22A17,ENSG00000092096.18,1.4038896730144551e-05
SHROOM1,ENSG00000164403.15,1.4003733742299796e-05
PIGR,ENSG00000162896.6,1.3948008404366478e-05
TNS4,ENSG00000131746.13,1.387242196862549e-05
TNN,ENSG00000120332.16,1.3866233466195089e-05
KISS1R,ENSG00000116014.10,1.3711103724740809e-05
PIK3C2G,ENSG00000139144.11,1.3694567999491389e-05
PRRT3,ENSG00000163704.12,1.3637235622891303e-05
MS4A1,ENSG00000156738.18,1.3527278482506059e-05
CDT1,ENSG00000167513.9,1.3416365794930108e-05
HLA-DRB5,ENSG00000198502.6,1.3383551909978721e-05
WNT4,ENSG00000162552.15,1.3365066174705311e-05
SHC4,ENSG00000185634.12,1.3342618727951422e-05
L1CAM,ENSG00000198910.14,1.3206270242883522e-05
ZNF385B,ENSG00000144331.20,1.314310860196698e-05
MELTF,ENSG00000163975.12,1.3081805793406987e-05
HSD11B1,ENSG00000117594.10,1.300457797274158e-05
TNFRSF17,ENSG00000048462.11,1.2972073265375638e-05
PRKAR2B,ENSG00000005249.13,1.2967734386412666e-05
CEACAM1,ENSG00000079385.23,1.2911476312768031e-05
SERPINE1,ENSG00000106366.9,1.2903459060261431e-05
LRP2,ENSG00000081479.15,1.2850094208050729e-05
H2AJ,ENSG00000246705.4,1.2845370857731e-05
EPHB3,ENSG00000182580.3,1.2804192955234015e-05
CLIP4,ENSG00000115295.20,1.27834203399275e-05
IRS2,ENSG00000185950.9,1.261192425094953e-05
ME1,ENSG00000065833.9,1.2576501490647297e-05
MRPS30,ENSG00000112996.11,1.2560365176690924e-05
C5orf46,ENSG00000178776.5,1.2536019665534432e-05
HGD,ENSG00000113924.12,1.2528046566888315e-05
CCDC80,ENSG00000091986.16,1.237553382600244e-05
COL22A1,ENSG00000169436.17,1.2324817289413337e-05
CHIT1,ENSG00000133063.16,1.2319644540602284e-05
SSC5D,ENSG00000179954.16,1.227942032746597e-05
CCN1,ENSG00000142871.18,1.2253276593161689e-05
RAB38,ENSG00000123892.12,1.2100167624222614e-05
LYPD6B,ENSG00000150556.17,1.2094519324504754e-05
RARRES1,ENSG00000118849.10,1.208906393135375e-05
TFAP2C,ENSG00000087510.7,1.203979385540204e-05
CDH11,ENSG00000140937.14,1.2002045218947223e-05
NSG1,ENSG00000168824.14,1.1912457129730577e-05
ACTA1,ENSG00000143632.14,1.1906773679903749e-05
ALOX15,ENSG00000161905.13,1.1860702080680265e-05
HTRA1,ENSG00000166033.13,1.1840577359729406e-05
GSTT2B,ENSG00000133433.11,1.1649695994798171e-05
MMP7,ENSG00000137673.9,1.147081731912009e-05
LCN2,ENSG00000148346.12,1.146758429686447e-05
ABCA12,ENSG00000144452.15,1.1464128243060406e-05
PLA2G2A,ENSG00000188257.12,1.1450597793372907e-05
PRR15L,ENSG00000167183.3,1.1216132409954541e-05
NXNL2,ENSG00000130045.16,1.1211121535335183e-05
REEP6,ENSG00000115255.12,1.1109009925242931e-05
LPL,ENSG00000175445.17,1.104376612311129e-05
SLC7A2,ENSG00000003989.18,1.0940571667740056e-05
LDHB,ENSG00000111716.14,1.092721794572566e-05
CDH1,ENSG00000039068.19,1.0908133019606912e-05
NID2,ENSG00000087303.18,1.0904209976161407e-05
DCN,ENSG00000011465.18,1.087899503392287e-05
DOC2B,ENSG00000272636.4,1.0863300636814159e-05
ADAM8,ENSG00000151651.16,1.0842401053007875e-05
TAT,ENSG00000198650.11,1.0798602381939623e-05
CAP2,ENSG00000112186.12,1.0784612500553096e-05
DGAT2,ENSG00000062282.15,1.065025779702939e-05
KCNJ11,ENSG00000187486.5,1.0547323742812485e-05
H4C4,ENSG00000277157.2,1.0523419671289303e-05
ALDH3B2,ENSG00000132746.15,1.0520214300647177e-05
AARD,ENSG00000205002.4,1.0482534253065741e-05
ABLIM3,ENSG00000173210.20,1.0426194103360094e-05
MSMB,ENSG00000263639.7,1.0345754586979264e-05
TMEM37,ENSG00000171227.7,1.0142835695402464e-05
FCER1A,ENSG00000179639.10,1.0116181442250489e-05
IL32,ENSG00000008517.18,1.011322559465154e-05
SLC27A2,ENSG00000140284.11,1.0105675806804663e-05
FGL2,ENSG00000127951.8,1.0014065230230623e-05
CDH3,ENSG00000062038.14,1.0006677637883281e-05
ACSL1,ENSG00000151726.15,9.900821356783748e-06
ACKR1,ENSG00000213088.12,9.834712311859564e-06
XDH,ENSG00000158125.10,9.794635491061219e-06
RAI2,ENSG00000131831.18,9.783146397248342e-06
ACSM1,ENSG00000166743.9,9.70179014596296e-06
FBXO2,ENSG00000116661.11,9.64791907644786e-06
AMIGO2,ENSG00000139211.7,9.632736395035032e-06
SLC38A3,ENSG00000188338.15,9.620811503631577e-06
TENT5C,ENSG00000183508.5,9.587012822563459e-06
LAMA2,ENSG00000196569.13,9.559927001777768e-06
SERINC2,ENSG00000168528.12,9.497133810475306e-06
HPDL,ENSG00000186603.6,9.496040519502946e-06
S100A7,ENSG00000143556.9,9.407588907629988e-06
CGNL1,ENSG00000128849.11,9.321355541331916e-06
BHMT2,ENSG00000132840.10,9.301516266918797e-06
VSIG2,ENSG00000019102.12,9.205059233977702e-06
RAB30,ENSG00000137502.10,9.13048617240135e-06
COL4A5,ENSG00000188153.14,9.089135654800898e-06
C6orf15,ENSG00000204542.3,9.081193082830662e-06
FAT1,ENSG00000083857.14,9.054789537101335e-06
PPP4R4,ENSG00000119698.12,9.050688045109328e-06
OAS1,ENSG00000089127.14,8.958807778392178e-06
HEY2,ENSG00000135547.9,8.958485872486995e-06
ITGB6,ENSG00000115221.12,8.915335113274646e-06
TSPAN12,ENSG00000106025.9,8.88018022770128e-06
SCGB1D2,ENSG00000124935.4,8.80800084446122e-06
SCG2,ENSG00000171951.5,8.795057388632915e-06
GRPR,ENSG00000126010.6,8.738270902761757e-06
WLS,ENSG00000116729.14,8.650361689473734e-06
EFS,ENSG00000100842.13,8.61929048553249e-06
PCOLCE2,ENSG00000163710.9,8.611518419596681e-06
TMC5,ENSG00000103534.17,8.591497400057262e-06
BNIPL,ENSG00000163141.20,8.586746283260362e-06
CDCA7,ENSG00000144354.14,8.56629396906544e-06
RCOR2,ENSG00000167771.6,8.520733436471058e-06
CYP4X1,ENSG00000186377.8,8.487063427266283e-06
DOK7,ENSG00000175920.18,8.33338399361433e-06
ABCC11,ENSG00000121270.16,8.300828740138387e-06
RHOV,ENSG00000104140.7,8.300163231943577e-06
SORBS2,ENSG00000154556.18,8.288342402991466e-06
DEPDC1,ENSG00000024526.17,8.287964256202199e-06
DUSP1,ENSG00000120129.6,8.28100283782432e-06
NPPC,ENSG00000163273.4,8.272818817436943e-06
ATP6V0A4,ENSG00000105929.16,8.254246130545775e-06
RASSF6,ENSG00000169435.14,8.222465215839476e-06
FAM83B,ENSG00000168143.9,8.213770282206066e-06
SLC9A3R1,ENSG00000109062.12,8.171503326739393e-06
TINCR,ENSG00000223573.7,8.12306081490491e-06
GRAMD2A,ENSG00000175318.12,8.099906734350765e-06
IFITM1,ENSG00000185885.16,8.0843891037966e-06
NKX3-1,ENSG00000167034.10,8.079342603378879e-06
MT-ATP8,ENSG00000228253.1,8.040516510385366e-06
AK4,ENSG00000162433.15,8.029394763805826e-06
CCR5,ENSG00000160791.13,7.948036602878073e-06
H1-4,ENSG00000168298.7,7.834081035068045e-06
TPM2,ENSG00000198467.16,7.769746053638555e-06
EMID1,ENSG00000186998.16,7.65833344835043e-06
EDIL3,ENSG00000164176.13,7.6395725463703e-06
COL6A2,ENSG00000142173.16,7.57114991470815e-06
POF1B,ENSG00000124429.18,7.4343400404657035e-06
KRT6B,ENSG00000185479.6,7.41316520461398e-06
STAC2,ENSG00000141750.7,7.387920084382438e-06
FUT2,ENSG00000176920.13,7.335570650054846e-06
CLGN,ENSG00000153132.13,7.320126511269962e-06
SCUBE3,ENSG00000146197.9,7.252733833999735e-06
UGT2B15,ENSG00000196620.10,7.246469712949018e-06
KRTCAP3,ENSG00000157992.12,7.121600698123107e-06
PLA2G2D,ENSG00000117215.15,7.104444655624286e-06
CHRNA9,ENSG00000174343.6,7.059429250890626e-06
FYB2,ENSG00000187889.13,7.022503087544891e-06
STC2,ENSG00000113739.10,7.018298743367826e-06
ITIH6,ENSG00000102313.9,6.849223122623251e-06
CPXM2,ENSG00000121898.13,6.774234189388552e-06
DDIT4,ENSG00000168209.5,6.72410785428122e-06
LYPD6,ENSG00000187123.15,6.63488818852374e-06
TRH,ENSG00000170893.4,6.473430576238058e-06
FOLR2,ENSG00000165457.14,6.464072709503424e-06
ECM1,ENSG00000143369.15,6.425546105880699e-06
SESN3,ENSG00000149212.12,6.396257153435474e-06
ZBTB18,ENSG00000179456.10,6.363482859743134e-06
MFAP5,ENSG00000197614.11,6.30974823631008e-06
OSR2,ENSG00000164920.9,6.2794866304178005e-06
CLPSL1,ENSG00000204140.10,6.270328259123753e-06
ITPR2,ENSG00000123104.12,6.266749296439373e-06
CCN3,ENSG00000136999.5,6.189880862976639e-06
GPT,ENSG00000167701.14,6.173487440048832e-06
KCNIP2,ENSG00000120049.20,6.14490190703452e-06
FABP6,ENSG00000170231.16,6.039050291587759e-06
DIO1,ENSG00000211452.11,6.036979744236872e-06
MCCD1,ENSG00000204511.3,6.018238827931881e-06
E2F1,ENSG00000101412.13,6.006359873169765e-06
UPK1A,ENSG00000105668.7,6.000565240077877e-06
CCND1,ENSG00000110092.4,5.959014447635024e-06
C1orf226,ENSG00000239887.6,5.878346001720551e-06
PHLDA2,ENSG00000181649.8,5.79543439202043e-06
SYT8,ENSG00000149043.16,5.7813462149567815e-06
PNPLA3,ENSG00000100344.11,5.666866140285729e-06
PTPRU,ENSG00000060656.20,5.600193170939859e-06
SUSD4,ENSG00000143502.15,5.452282700000088e-06
CXCL11,ENSG00000169248.13,5.444750898720221e-06
GIMAP7,ENSG00000179144.5,5.4398204969479415e-06
ACKR3,ENSG00000144476.6,5.415474508982835e-06
EGR3,ENSG00000179388.9,5.303183067628769e-06
AKAP12,ENSG00000131016.17,5.238030318397559e-06
ALDH2,ENSG00000111275.13,5.2281424345124595e-06
ITPRID2,ENSG00000138434.17,5.046793504213602e-06
BPIFB1,ENSG00000125999.11,4.971235424012093e-06
THPO,ENSG00000090534.20,4.904552650370108e-06
MMP12,ENSG00000262406.3,4.781509799051126e-06
NCALD,ENSG00000104490.18,4.759332485052798e-06
MB,ENSG00000198125.13,4.751982318746612e-06
SECTM1,ENSG00000141574.8,4.6414739257074645e-06
PDLIM4,ENSG00000131435.13,4.559989151440021e-06
MT1M,ENSG00000205364.4,4.555761782624599e-06
NXPH3,ENSG00000182575.8,4.396950341293857e-06
NRIP3,ENSG00000175352.11,4.367306820694619e-06
ABCC8,ENSG00000006071.15,4.34680153714581e-06
MT2A,ENSG00000125148.7,4.315111820596247e-06
C4orf48,ENSG00000243449.6,4.227890637956676e-06
DCD,ENSG00000161634.12,4.138709030590366e-06
COL7A1,ENSG00000114270.17,4.1261673117171134e-06
CACNA1H,ENSG00000196557.13,4.090728554716997e-06
RHEX,ENSG00000263961.8,4.021682331873949e-06
SALL2,ENSG00000165821.12,4.011770063080462e-06
AIM2,ENSG00000163568.15,4.010120994221375e-06
PTGS2,ENSG00000073756.12,3.97779755202179e-06
SLC26A3,ENSG00000091138.13,3.925518412593427e-06
LINGO1,ENSG00000169783.13,3.8767110723053825e-06
TSPAN13,ENSG00000106537.8,3.8101404448306157e-06
ALOX15B,ENSG00000179593.16,3.794197185843306e-06
FGFBP2,ENSG00000137441.8,3.745087868153748e-06
LYPD3,ENSG00000124466.9,3.706367092460618e-06
MS4A15,ENSG00000166961.15,3.6635702851245736e-06
EGLN3,ENSG00000129521.15,3.586678071739686e-06
SEPTIN3,ENSG00000100167.20,3.447028948681166e-06
GREB1,ENSG00000196208.14,3.402365980317927e-06
MGP,ENSG00000111341.10,3.3813109207617227e-06
SERHL2,ENSG00000183569.18,3.1443145301974058e-06
SLC39A8,ENSG00000138821.13,3.024612779350827e-06
ELOVL5,ENSG00000012660.14,2.7144411421408135e-06
FHL2,ENSG00000115641.19,2.650527948735872e-06
MUC5B,ENSG00000117983.17,2.618853907194553e-06
CD79A,ENSG00000105369.10,2.5648764987167198e-06
CCL21,ENSG00000137077.8,2.5568761080617616e-06
SLC12A2,ENSG00000064651.14,2.5540772512927795e-06
FGFR2,ENSG00000066468.23,2.3831696562512303e-06
OMD,ENSG00000127083.7,2.27490837308088e-06
H2AC8,ENSG00000277075.2,2.1500476985027113e-06
IL6,ENSG00000136244.12,2.1082570700006456e-06
GPR27,ENSG00000170837.3,1.9899739032337945e-06
HOXB5,ENSG00000120075.5,1.966477873781576e-06
CTNND2,ENSG00000169862.19,1.9400193987477458e-06
C11orf96,ENSG00000187479.8,1.8369769814645766e-06
MRPL12,ENSG00000262814.8,1.7298016689732875e-06
BATF,ENSG00000156127.8,1.7014648403151694e-06
NIBAN1,ENSG00000135842.17,1.6107921883291828e-06
SRPK3,ENSG00000184343.11,1.5537528437432534e-06
FASN,ENSG00000169710.9,1.530003679868734e-06
TDRD5,ENSG00000162782.16,1.431603222112588e-06
FBLN2,ENSG00000163520.14,1.1890885560444912e-06
MPV17L,ENSG00000156968.9,1.077024866490194e-06
ZIC1,ENSG00000152977.10,1.0723123196209632e-06
GCNT2,ENSG00000111846.19,1.0487031645009364e-06
IL27RA,ENSG00000104998.4,1.0317748678072557e-06
DDX60,ENSG00000137628.17,1.0101477823041147e-06
NTN4,ENSG00000074527.13,9.975046787275803e-07
ZFP36L2,ENSG00000152518.8,8.439336786917035e-07
TUBA3D,ENSG00000075886.11,0.0
UGDH,ENSG00000109814.12,0.0
LOX,ENSG00000113083.15,0.0
ALDH1A3,ENSG00000184254.17,0.0
H2BC8,ENSG00000273802.2,0.0
TCIM,ENSG00000176907.5,0.0
HRCT1,ENSG00000196196.3,0.0
TPSG1,ENSG00000116176.6,0.0
STMND1,ENSG00000230873.9,0.0
CSF3R,ENSG00000119535.18,0.0
PGAP3,ENSG00000161395.14,0.0
CCL22,ENSG00000102962.5,0.0
CST6,ENSG00000175315.3,0.0
DUSP4,ENSG00000120875.9,0.0
PLEKHS1,ENSG00000148735.15,0.0
LYZ,ENSG00000090382.7,0.0
PLD4,ENSG00000166428.14,0.0
HES4,ENSG00000188290.11,0.0
PTPRN2,ENSG00000155093.19,0.0
LRRC31,ENSG00000114248.10,0.0
PRODH,ENSG00000100033.16,0.0
CITED4,ENSG00000179862.7,0.0
SLC6A4,ENSG00000108576.10,0.0
SCD5,ENSG00000145284.12,0.0
IGFBP5,ENSG00000115461.5,0.0
ACTL8,ENSG00000117148.8,0.0
PCDH10,ENSG00000138650.9,0.0
VWA2,ENSG00000165816.13,0.0
CCN6,ENSG00000112761.21,0.0
IRX2,ENSG00000170561.13,0.0
HMCN1,ENSG00000143341.12,0.0
CYP4F8,ENSG00000186526.13,0.0
PGLYRP2,ENSG00000161031.13,0.0
SBSPON,ENSG00000164764.11,0.0
FGFR3,ENSG00000068078.20,0.0
KCNK1,ENSG00000135750.15,0.0
ERBB4,ENSG00000178568.15,0.0
ST8SIA6,ENSG00000148488.17,0.0
PRF1,ENSG00000180644.8,0.0
LY6D,ENSG00000167656.5,0.0
BAMBI,ENSG00000095739.11,0.0
TMEM176B,ENSG00000106565.18,0.0
MT1A,ENSG00000205362.11,0.0
SLC5A8,ENSG00000256870.3,0.0
SLC9A2,ENSG00000115616.3,0.0
C10orf82,ENSG00000165863.17,0.0
ORM2,ENSG00000228278.5,0.0
OBP2A,ENSG00000122136.14,0.0
EXTL1,ENSG00000158008.10,0.0
PSCA,ENSG00000167653.5,0.0
GRIA2,ENSG00000120251.21,0.0
ERBB3,ENSG00000065361.16,0.0
IGDCC3,ENSG00000174498.14,0.0
RBM24,ENSG00000112183.15,0.0
PCSK1N,ENSG00000102109.9,0.0
PADI2,ENSG00000117115.13,0.0
GPR183,ENSG00000169508.7,0.0
DACH1,ENSG00000276644.5,0.0
KCNF1,ENSG00000162975.5,0.0
ISG15,ENSG00000187608.10,0.0
CT83,ENSG00000204019.5,0.0
ZG16B,ENSG00000162078.11,0.0
HLA-DQA2,ENSG00000237541.4,0.0
SLC5A1,ENSG00000100170.10,0.0
HSPB8,ENSG00000152137.8,0.0
RND3,ENSG00000115963.13,0.0
GBP3,ENSG00000117226.12,0.0
FAM3B,ENSG00000183844.17,0.0
KIF12,ENSG00000136883.14,0.0
CHST8,ENSG00000124302.13,0.0
HES2,ENSG00000069812.11,0.0
AGT,ENSG00000135744.8,0.0
H2AW,ENSG00000181218.5,0.0
SLC4A7,ENSG00000033867.16,0.0
H3C2,ENSG00000286522.2,0.0
GRB14,ENSG00000115290.10,0.0
THBS4,ENSG00000113296.14,0.0
EPCAM,ENSG00000119888.11,0.0
BARX1,ENSG00000131668.14,0.0
AKR1C2,ENSG00000151632.17,0.0
ADAMTS2,ENSG00000087116.16,0.0
C1orf116,ENSG00000182795.13,0.0
KREMEN2,ENSG00000131650.14,0.0
SERPINA1,ENSG00000197249.14,0.0
GDF15,ENSG00000130513.6,0.0
DQX1,ENSG00000144045.14,0.0
APOC1,ENSG00000130208.9,0.0
KCNH2,ENSG00000055118.16,0.0
CA2,ENSG00000104267.10,0.0
IL1RN,ENSG00000136689.19,0.0
PAX9,ENSG00000198807.13,0.0
FADS2,ENSG00000134824.14,0.0
CPA3,ENSG00000163751.4,0.0
SLC16A6,ENSG00000108932.12,0.0
TBC1D9,ENSG00000109436.8,0.0
PHGR1,ENSG00000233041.8,0.0
SFRP4,ENSG00000106483.12,0.0
HHIPL2,ENSG00000143512.13,0.0
B3GNT3,ENSG00000179913.11,0.0
IGSF21,ENSG00000117154.12,0.0
PON3,ENSG00000105852.11,0.0
MYB,ENSG00000118513.19,0.0
NRTN,ENSG00000171119.2,0.0
MS4A8,ENSG00000166959.8,0.0
FABP5,ENSG00000164687.11,0.0
ERP27,ENSG00000139055.7,0.0
CCNP,ENSG00000105219.10,0.0
CCN5,ENSG00000064205.10,0.0
CLDN3,ENSG00000165215.6,0.0
AGL,ENSG00000162688.17,0.0
VSTM2L,ENSG00000132821.12,0.0
ANXA8L1,ENSG00000264230.9,0.0
ANKRD30B,ENSG00000180777.14,0.0
MZB1,ENSG00000170476.16,0.0
CES3,ENSG00000172828.13,0.0
NFASC,ENSG00000163531.15,0.0
CMPK2,ENSG00000134326.11,0.0
GZMH,ENSG00000100450.13,0.0
ASS1,ENSG00000130707.18,0.0
FGFR1,ENSG00000077782.21,0.0
SLFN13,ENSG00000154760.14,0.0
LAPTM4B,ENSG00000104341.17,0.0
TMSB15A,ENSG00000158164.7,0.0
IL20RA,ENSG00000016402.13,0.0
GSC,ENSG00000133937.5,0.0
GALNT3,ENSG00000115339.14,0.0
RGS4,ENSG00000117152.14,0.0
BOC,ENSG00000144857.14,0.0
F7,ENSG00000057593.14,0.0
PYGL,ENSG00000100504.17,0.0
RNF39,ENSG00000204618.8,0.0
NUDT8,ENSG00000167799.10,0.0
C1QTNF3,ENSG00000082196.21,0.0
IFIT1,ENSG00000185745.10,0.0
AMBP,ENSG00000106927.12,0.0
ART3,ENSG00000156219.17,0.0
PGGHG,ENSG00000142102.16,0.0
SLC28A3,ENSG00000197506.8,0.0
CKMT1B,ENSG00000237289.10,0.0
NTN1,ENSG00000065320.9,0.0
MKX,ENSG00000150051.14,0.0
LRRN1,ENSG00000175928.6,0.0
A2ML1,ENSG00000166535.20,0.0
STEAP1,ENSG00000164647.9,0.0
PCSK6,ENSG00000140479.18,0.0
SCNN1B,ENSG00000168447.11,0.0
LGR4,ENSG00000205213.14,0.0
DES,ENSG00000175084.12,0.0
SLC4A11,ENSG00000088836.14,0.0
GZMK,ENSG00000113088.6,0.0
IFI27,ENSG00000165949.12,0.0
LGR6,ENSG00000133067.17,0.0
FBLN1,ENSG00000077942.19,0.0
GDF9,ENSG00000164404.8,0.0
FBLN5,ENSG00000140092.14,0.0
HOXC12,ENSG00000123407.4,0.0
H4C8,ENSG00000158406.5,0.0
TFCP2L1,ENSG00000115112.8,0.0
TMEM40,ENSG00000088726.16,0.0
CAPN13,ENSG00000162949.16,0.0
NEURL1,ENSG00000107954.10,0.0
SIX1,ENSG00000126778.12,0.0
SYTL5,ENSG00000147041.12,0.0
GNLY,ENSG00000115523.17,0.0
BRINP3,ENSG00000162670.11,0.0
MIEN1,ENSG00000141741.12,0.0
ADCY1,ENSG00000164742.16,0.0
S100A6,ENSG00000197956.10,0.0
CCDC85B,ENSG00000175602.4,0.0
CRABP2,ENSG00000143320.9,0.0
ASCL1,ENSG00000139352.4,0.0
CA9,ENSG00000107159.13,0.0
ANGPTL2,ENSG00000136859.10,0.0
TWIST2,ENSG00000233608.4,0.0
PFKFB3,ENSG00000170525.21,0.0
SCD,ENSG00000099194.6,0.0
SCIN,ENSG00000006747.15,0.0
TOX3,ENSG00000103460.17,0.0
GZMM,ENSG00000197540.8,0.0
IL2RG,ENSG00000147168.13,0.0
RBP1,ENSG00000114115.10,0.0
HSPG2,ENSG00000142798.20,0.0
FOXC1,ENSG00000054598.9,0.0
ASTN2,ENSG00000148219.17,0.0
CLDN1,ENSG00000163347.6,0.0
CYBB,ENSG00000165168.8,0.0
KLK10,ENSG00000129451.12,0.0
ANGPTL4,ENSG00000167772.12,0.0
GOLT1A,ENSG00000174567.8,0.0
RASSF10,ENSG00000189431.8,0.0
SPAG6,ENSG00000077327.16,0.0
SDK2,ENSG00000069188.17,0.0
STC1,ENSG00000159167.12,0.0
FGFR4,ENSG00000160867.15,0.0
DKK1,ENSG00000107984.10,0.0
TMEM45B,ENSG00000151715.8,0.0
RASD1,ENSG00000108551.5,0.0
SCNN1A,ENSG00000111319.13,0.0
PRSS21,ENSG00000007038.11,0.0
ATP1A4,ENSG00000132681.17,0.0
CBLN2,ENSG00000141668.10,0.0
ENTPD2,ENSG00000054179.12,0.0
TNNT1,ENSG00000105048.17,0.0
PROM1,ENSG00000007062.12,0.0
ITPR1,ENSG00000150995.20,0.0
CST9,ENSG00000173335.5,0.0
CRISP3,ENSG00000096006.12,0.0
SERPINA11,ENSG00000186910.4,0.0
PGR,ENSG00000082175.15,0.0
COL2A1,ENSG00000139219.19,0.0
GP2,ENSG00000169347.17,0.0
EIF4EBP1,ENSG00000187840.5,0.0
SLITRK6,ENSG00000184564.11,0.0
ASPH,ENSG00000198363.18,0.0
CHAD,ENSG00000136457.10,0.0
CDH2,ENSG00000170558.10,0.0
CXCL17,ENSG00000189377.9,0.0
PCDHGB5,ENSG00000276547.1,0.0
PYDC1,ENSG00000169900.8,0.0
VTCN1,ENSG00000134258.17,0.0
SYT13,ENSG00000019505.8,0.0
JCHAIN,ENSG00000132465.12,0.0
KRT16,ENSG00000186832.9,0.0
SCGB3A1,ENSG00000161055.4,0.0
ADH1B,ENSG00000196616.14,0.0
OBP2B,ENSG00000171102.14,0.0
TRIM2,ENSG00000109654.16,0.0
SAMD9,ENSG00000205413.8,0.0
SPDEF,ENSG00000124664.11,0.0
SGK3,ENSG00000104205.16,0.0
TSPAN1,ENSG00000117472.10,0.0
FZD8,ENSG00000177283.7,0.0
DEFB1,ENSG00000164825.4,0.0
CLCA2,ENSG00000137975.8,0.0
FOLR1,ENSG00000110195.14,0.0
MSLN,ENSG00000102854.16,0.0
CA12,ENSG00000074410.14,0.0
MACC1,ENSG00000183742.13,0.0
RUNX3,ENSG00000020633.19,0.0
CD69,ENSG00000110848.8,0.0
ENTPD5,ENSG00000187097.13,0.0
PDZK1,ENSG00000174827.14,0.0
MUC6,ENSG00000184956.16,0.0
YBX2,ENSG00000006047.13,0.0
JPH1,ENSG00000104369.5,0.0
CCL4L2,ENSG00000276070.5,0.0
SLC30A8,ENSG00000164756.12,0.0
CASP14,ENSG00000105141.6,0.0
GLYATL2,ENSG00000156689.7,0.0
NBL1,ENSG00000158747.15,0.0
AQP5,ENSG00000161798.7,0.0
BEX5,ENSG00000184515.11,0.0
EEF1A2,ENSG00000101210.13,0.0
C1orf21,ENSG00000116667.15,0.0
NPY1R,ENSG00000164128.7,0.0
EGFL7,ENSG00000172889.16,0.0
TCEAL3,ENSG00000196507.11,0.0
DHRS2,ENSG00000100867.15,0.0
KRT17,ENSG00000128422.17,0.0
CTSV,ENSG00000136943.11,0.0
TAFA3,ENSG00000184599.13,0.0
ZNF750,ENSG00000141579.7,0.0
PDE3B,ENSG00000152270.9,0.0
S100P,ENSG00000163993.7,0.0
NBPF6,ENSG00000186086.18,0.0
HMGCS2,ENSG00000134240.12,0.0
CGREF1,ENSG00000138028.16,0.0
TFF3,ENSG00000160180.15,0.0
CALML5,ENSG00000178372.8,0.0
SYTL4,ENSG00000102362.15,0.0
LTF,ENSG00000012223.13,0.0
FDCSP,ENSG00000181617.6,0.0
CPB1,ENSG00000153002.12,0.0
TFF1,ENSG00000160182.3,0.0
FA2H,ENSG00000103089.9,0.0
ZNF92,ENSG00000146757.14,0.0
KRTDAP,ENSG00000188508.11,0.0
SCGB2A1,ENSG00000124939.6,0.0
TFAP2B,ENSG00000008196.13,0.0
STK26,ENSG00000134602.16,0.0
CXCL13,ENSG00000156234.7,0.0
MAN1A1,ENSG00000111885.7,0.0
PPP1R16B,ENSG00000101445.10,0.0
PPP1R1B,ENSG00000131771.14,0.0
KRT15,ENSG00000171346.16,0.0
MPEG1,ENSG00000197629.6,0.0
PRAME,ENSG00000185686.18,0.0
CDK6,ENSG00000105810.10,0.0
ANKRD30A,ENSG00000148513.18,0.0
PVALB,ENSG00000100362.13,0.0
WFDC2,ENSG00000101443.18,0.0
LMO4,ENSG00000143013.13,0.0
GSTM1,ENSG00000134184.13,0.0
CEACAM5,ENSG00000105388.16,0.0
PEG10,ENSG00000242265.6,0.0
KLK5,ENSG00000167754.13,0.0
TCN1,ENSG00000134827.8,0.0
ESR1,ENSG00000091831.24,0.0
MXRA8,ENSG00000162576.17,0.0
ZNF521,ENSG00000198795.11,0.0
DHCR24,ENSG00000116133.13,0.0
S100A9,ENSG00000163220.11,0.0
CRABP1,ENSG00000166426.8,0.0
BPIFB2,ENSG00000078898.7,0.0
CHST3,ENSG00000122863.6,0.0
HLA-DPA1,ENSG00000231389.7,0.0
SLC16A1,ENSG00000155380.12,0.0
C5orf49,ENSG00000215217.7,0.0
AFF3,ENSG00000144218.19,0.0
TCAP,ENSG00000173991.6,0.0
SERPINF1,ENSG00000132386.11,0.0
FSIP1,ENSG00000150667.8,0.0
SDR16C5,ENSG00000170786.12,0.0
CHI3L2,ENSG00000064886.14,0.0
FZD6,ENSG00000164930.12,0.0
KCNG1,ENSG00000026559.14,0.0
TMEM150C,ENSG00000249242.8,0.0
TWIST1,ENSG00000122691.13,0.0
CALB2,ENSG00000172137.19,0.0
TMPRSS3,ENSG00000160183.17,0.0
TM7SF2,ENSG00000149809.16,0.0
NELL2,ENSG00000184613.11,0.0
PTPRT,ENSG00000196090.12,0.0
CYP4B1,ENSG00000142973.14,0.0
SPTSSB,ENSG00000196542.8,0.0
ORM1,ENSG00000229314.5,0.0
CFD,ENSG00000197766.8,0.0
SLC1A1,ENSG00000106688.12,0.0
ADAMTS12,ENSG00000151388.11,0.0
VSIG4,ENSG00000155659.15,0.0
SMARCA1,ENSG00000102038.16,0.0
KRT23,ENSG00000108244.17,0.0
DSC3,ENSG00000134762.17,0.0
CCL18,ENSG00000275385.2,0.0
MPP2,ENSG00000108852.15,0.0
IL20,ENSG00000162891.10,0.0
SMKR1,ENSG00000240204.3,0.0
S100A2,ENSG00000196754.13,0.0
MT1G,ENSG00000125144.14,0.0
CCL17,ENSG00000102970.11,0.0
ACY3,ENSG00000132744.8,0.0
H3C6,ENSG00000274750.2,0.0
SH2D4A,ENSG00000104611.12,0.0
MAGED2,ENSG00000102316.17,0.0
SPDYC,ENSG00000204710.2,0.0
SCARA3,ENSG00000168077.14,0.0
TNFRSF12A,ENSG00000006327.14,0.0
FAM183A,ENSG00000186973.11,0.0
RIPK4,ENSG00000183421.12,0.0
CCL7,ENSG00000108688.11,0.0
EMB,ENSG00000170571.12,0.0
CILP,ENSG00000138615.6,0.0
SLC40A1,ENSG00000138449.11,0.0
WNK4,ENSG00000126562.17,0.0
AQP3,ENSG00000165272.16,0.0
PDZK1IP1,ENSG00000162366.8,0.0
RET,ENSG00000165731.20,0.0
PKP1,ENSG00000081277.13,0.0
CLDN4,ENSG00000189143.9,0.0
NLRP2,ENSG00000022556.16,0.0
ALB,ENSG00000163631.17,0.0
RIMS4,ENSG00000101098.13,0.0
KRT6A,ENSG00000205420.11,0.0
PID1,ENSG00000153823.19,0.0
PDE5A,ENSG00000138735.16,0.0
PI15,ENSG00000137558.9,0.0
TUSC3,ENSG00000104723.21,0.0
CLSTN2,ENSG00000158258.16,0.0
AHNAK2,ENSG00000185567.7,0.0
LTBP2,ENSG00000119681.12,0.0
ALKAL2,ENSG00000189292.16,0.0
CARTPT,ENSG00000164326.5,0.0
ACER2,ENSG00000177076.6,0.0
CNFN,ENSG00000105427.10,0.0
SUSD3,ENSG00000157303.11,0.0
FOXI1,ENSG00000168269.10,0.0
CYP2A6,ENSG00000255974.8,0.0
ISLR,ENSG00000129009.13,0.0
LBP,ENSG00000129988.6,0.0
SPINK8,ENSG00000229453.2,0.0
CHRDL2,ENSG00000054938.16,0.0
TACC1,ENSG00000147526.20,0.0
C16orf89,ENSG00000153446.16,0.0
AZGP1,ENSG00000160862.13,0.0
MPP7,ENSG00000150054.18,0.0
TFPI2,ENSG00000105825.14,0.0
PKDCC,ENSG00000162878.13,0.0
GATA3,ENSG00000107485.18,0.0
CYP4F22,ENSG00000171954.13,0.0
ANTXR1,ENSG00000169604.20,0.0
CCNO,ENSG00000152669.9,0.0
VSTM2A,ENSG00000170419.11,0.0
KLHDC7A,ENSG00000179023.8,0.0
MLPH,ENSG00000115648.14,0.0
ABO,ENSG00000175164.15,0.0
NCCRP1,ENSG00000188505.5,0.0
DSG3,ENSG00000134757.5,0.0
CHODL,ENSG00000154645.14,0.0
ANOS1,ENSG00000011201.12,0.0
KLK11,ENSG00000167757.14,0.0
TNIK,ENSG00000154310.17,0.0
FAM110B,ENSG00000169122.11,0.0
TC2N,ENSG00000165929.13,0.0
CHI3L1,ENSG00000133048.13,0.0
MAB21L4,ENSG00000172478.18,0.0
TMPRSS13,ENSG00000137747.16,0.0
C2orf72,ENSG00000204128.6,0.0
FBP1,ENSG00000165140.11,0.0
CPED1,ENSG00000106034.18,0.0
TNC,ENSG00000041982.16,0.0
CD52,ENSG00000169442.9,0.0
CMYA5,ENSG00000164309.15,0.0
APOE,ENSG00000130203.10,0.0
CA11,ENSG00000063180.9,0.0
NCMAP,ENSG00000184454.7,0.0
FGB,ENSG00000171564.12,0.0
IRX4,ENSG00000113430.10,0.0
CELSR2,ENSG00000143126.8,0.0
SSTR2,ENSG00000180616.9,0.0
RTN1,ENSG00000139970.17,0.0
ASCL2,ENSG00000183734.4,0.0
ADORA1,ENSG00000163485.17,0.0
RGS5,ENSG00000143248.13,0.0
ADAM12,ENSG00000148848.14,0.0
MGST1,ENSG00000008394.13,0.0
ADGRG6,ENSG00000112414.15,0.0
NRIP1,ENSG00000180530.11,0.0
EDN1,ENSG00000078401.7,0.0
DSC2,ENSG00000134755.17,0.0
ENO2,ENSG00000111674.9,0.0
HR,ENSG00000168453.15,0.0
C3,ENSG00000125730.17,0.0
SNPH,ENSG00000101298.15,0.0
FMO5,ENSG00000131781.13,0.0
IER3,ENSG00000137331.12,0.0
GAS1,ENSG00000180447.7,0.0
KRT8,ENSG00000170421.12,0.0
BMERB1,ENSG00000166780.11,0.0
S100A7A,ENSG00000184330.12,0.0
ZFP36,ENSG00000128016.7,0.0
TMPRSS2,ENSG00000184012.13,0.0
SEZ6L,ENSG00000100095.19,0.0
AFP,ENSG00000081051.8,0.0
RGS22,ENSG00000132554.20,0.0
SLC24A3,ENSG00000185052.12,0.0
TTC6,ENSG00000139865.16,0.0
UPK3A,ENSG00000100373.10,0.0
RNF128,ENSG00000133135.14,0.0
DIRAS3,ENSG00000162595.7,0.0
H2AC11,ENSG00000196787.3,0.0
C1S,ENSG00000182326.15,0.0
SLC4A8,ENSG00000050438.17,0.0
GBP4,ENSG00000162654.9,0.0
PLAAT3,ENSG00000176485.12,0.0
CCR7,ENSG00000126353.3,0.0
RND1,ENSG00000172602.11,0.0
GHRH,ENSG00000118702.9,0.0
C20orf85,ENSG00000124237.6,0.0
QPRT,ENSG00000103485.19,0.0
CLEC10A,ENSG00000132514.14,0.0
GLB1L2,ENSG00000149328.15,0.0
PAPSS2,ENSG00000198682.13,0.0
OLFM1,ENSG00000130558.20,0.0
PRRT1B,ENSG00000283526.1,0.0
ZNF486,ENSG00000256229.8,0.0
FCN2,ENSG00000160339.16,0.0
NPW,ENSG00000183971.10,0.0
ANO1,ENSG00000131620.17,0.0
HLA-DQB1,ENSG00000179344.16,0.0
GSTP1,ENSG00000084207.18,0.0
MAGEA1,ENSG00000198681.7,0.0
C5AR2,ENSG00000134830.6,0.0
PODN,ENSG00000174348.14,0.0
HLA-DQA1,ENSG00000196735.13,0.0
RSAD2,ENSG00000134321.12,0.0
KRT13,ENSG00000171401.15,0.0
SUSD2,ENSG00000099994.11,0.0
AQP9,ENSG00000103569.10,0.0
DCLK1,ENSG00000133083.15,0.0
SIDT1,ENSG00000072858.11,0.0
SELL,ENSG00000188404.10,0.0
COL5A1,ENSG00000130635.16,0.0
CXADR,ENSG00000154639.19,0.0
EYA2,ENSG00000064655.19,0.0
PCK1,ENSG00000124253.11,0.0
ALG1L,ENSG00000189366.9,0.0
AKR1B15,ENSG00000227471.9,0.0
NR2F1,ENSG00000175745.14,0.0
OAS2,ENSG00000111335.13,0.0
REEP1,ENSG00000068615.19,0.0
TRPS1,ENSG00000104447.13,0.0
SYCP2,ENSG00000196074.13,0.0
SKAP1,ENSG00000141293.16,0.0
GLDC,ENSG00000178445.10,0.0
RETREG1,ENSG00000154153.13,0.0
GPRIN2,ENSG00000204175.5,0.0
CCL2,ENSG00000108691.9,0.0
FBN1,ENSG00000166147.14,0.0
RASAL1,ENSG00000111344.11,0.0
FLT3,ENSG00000122025.15,0.0
TRPV6,ENSG00000165125.22,0.0
PRSS23,ENSG00000150687.12,0.0
RHOBTB3,ENSG00000164292.13,0.0
ADM,ENSG00000148926.10,0.0
CHST1,ENSG00000175264.8,0.0
SLC38A1,ENSG00000111371.16,0.0
TGFB2,ENSG00000092969.12,0.0
GJB5,ENSG00000189280.3,0.0
BMP7,ENSG00000101144.13,0.0
SOX2,ENSG00000181449.4,0.0
AOX1,ENSG00000138356.14,0.0
PTPRC,ENSG00000081237.20,0.0
H2BC11,ENSG00000124635.9,0.0
TNFRSF11B,ENSG00000164761.9,0.0
CLIC3,ENSG00000169583.13,0.0
CRLF1,ENSG00000006016.11,0.0
ETNK2,ENSG00000143845.15,0.0
MOGAT2,ENSG00000166391.15,0.0
RAMP3,ENSG00000122679.8,0.0
TRPA1,ENSG00000104321.11,0.0
PM20D2,ENSG00000146281.6,0.0
PMAIP1,ENSG00000141682.12,0.0
TUBA3E,ENSG00000152086.9,0.0
ALCAM,ENSG00000170017.12,0.0
CACNG6,ENSG00000130433.7,0.0
DSG1,ENSG00000134760.6,0.0
GNMT,ENSG00000124713.6,0.0
LEMD1,ENSG00000186007.10,0.0
SLURP1,ENSG00000126233.2,0.0
HS6ST2,ENSG00000171004.18,0.0
TPPP3,ENSG00000159713.11,0.0
DEPP1,ENSG00000165507.9,0.0
FAM3D,ENSG00000198643.7,0.0
ATRNL1,ENSG00000107518.18,0.0
IL12RB2,ENSG00000081985.13,0.0
LARGE2,ENSG00000165905.18,0.0
TMC4,ENSG00000167608.12,0.0
NBPF4,ENSG00000196427.13,0.0
NPR3,ENSG00000113389.16,0.0
RASD2,ENSG00000100302.7,0.0
LPAR3,ENSG00000171517.6,0.0
IFIT3,ENSG00000119917.14,0.0
H4C5,ENSG00000276966.2,0.0
IQGAP2,ENSG00000145703.16,0.0
SIX3,ENSG00000138083.5,0.0
SLAMF7,ENSG00000026751.17,0.0
DLX1,ENSG00000144355.15,0.0
FAM83A,ENSG00000147689.16,0.0
ALPL,ENSG00000162551.14,0.0
CAPSL,ENSG00000152611.12,0.0
MRC1,ENSG00000260314.3,0.0
PTGIS,ENSG00000124212.6,0.0
FAIM2,ENSG00000135472.9,0.0
KCNC3,ENSG00000131398.15,0.0
HOXB4,ENSG00000182742.6,0.0
RASEF,ENSG00000165105.10,0.0
PKIA,ENSG00000171033.13,0.0
CCN2,ENSG00000118523.6,0.0
ASPHD1,ENSG00000174939.11,0.0
TMEM64,ENSG00000180694.14,0.0
SOX8,ENSG00000005513.10,0.0
SOX9,ENSG00000125398.8,0.0
SYBU,ENSG00000147642.17,0.0
ZBTB7C,ENSG00000184828.10,0.0
BCL2A1,ENSG00000140379.9,0.0
MYH14,ENSG00000105357.19,0.0
INHBB,ENSG00000163083.6,0.0
WNT6,ENSG00000115596.4,0.0
ECM2,ENSG00000106823.12,0.0
NRCAM,ENSG00000091129.21,0.0
SEMA3E,ENSG00000170381.14,0.0
HSPB1,ENSG00000106211.10,0.0
HERC6,ENSG00000138642.15,0.0
PRSS2,ENSG00000275896.6,0.0
FERMT1,ENSG00000101311.16,0.0
ITGA11,ENSG00000137809.17,0.0
SELE,ENSG00000007908.16,0.0
CPA6,ENSG00000165078.13,0.0
DIRAS1,ENSG00000176490.5,0.0
GREM1,ENSG00000166923.12,0.0
ADRA2C,ENSG00000184160.8,0.0
PRKACB,ENSG00000142875.19,0.0
RANBP3L,ENSG00000164188.9,0.0
PDE4B,ENSG00000184588.18,0.0
ITGB8,ENSG00000105855.10,0.0
SULT2B1,ENSG00000088002.12,0.0
MMP2,ENSG00000087245.13,0.0
GREB1L,ENSG00000141449.15,0.0
ITGA2,ENSG00000164171.11,0.0
APOBEC3B,ENSG00000179750.16,0.0
CD8A,ENSG00000153563.16,0.0
GADD45G,ENSG00000130222.11,0.0
ITGB4,ENSG00000132470.14,0.0
TTC36,ENSG00000172425.12,0.0
UGT2B17,ENSG00000197888.2,0.0
GLRB,ENSG00000109738.11,0.0
RDH10,ENSG00000121039.10,0.0
NQO1,ENSG00000181019.13,0.0
PRSS16,ENSG00000112812.16,0.0
GSDMC,ENSG00000147697.9,0.0
INPP4B,ENSG00000109452.12,0.0
WNT5A,ENSG00000114251.15,0.0
SMOC2,ENSG00000112562.19,0.0
CYP1B1,ENSG00000138061.12,0.0
C14orf132,ENSG00000227051.7,0.0
GBP1,ENSG00000117228.10,0.0
EFCC1,ENSG00000114654.7,0.0
GLYATL1,ENSG00000166840.13,0.0
TCF7L1,ENSG00000152284.5,0.0
HID1,ENSG00000167861.16,0.0
CD207,ENSG00000116031.9,0.0
PRKAA2,ENSG00000162409.11,0.0
PIEZO2,ENSG00000154864.13,0.0
SLC44A5,ENSG00000137968.16,0.0
SORCS1,ENSG00000108018.15,0.0
STUM,ENSG00000203685.10,0.0
FST,ENSG00000134363.12,0.0
LGALS7B,ENSG00000178934.5,0.0
BRINP2,ENSG00000198797.7,0.0
SPTBN2,ENSG00000173898.14,0.0
ATF3,ENSG00000162772.17,0.0
NCAM2,ENSG00000154654.15,0.0
CCL8,ENSG00000108700.5,0.0
POU2AF1,ENSG00000110777.12,0.0
CD1A,ENSG00000158477.7,0.0
ATAD3C,ENSG00000215915.10,0.0
ERBB2,ENSG00000141736.14,0.0
MSX2,ENSG00000120149.9,0.0
RASGRP1,ENSG00000172575.12,0.0
RSPH1,ENSG00000160188.10,0.0
EFNB3,ENSG00000108947.5,0.0
ANXA3,ENSG00000138772.13,0.0
LACRT,ENSG00000135413.9,0.0
KCNK2,ENSG00000082482.14,0.0
TMEM139,ENSG00000178826.11,0.0
ABHD2,ENSG00000140526.18,0.0
LY6G6C,ENSG00000204421.3,0.0
GAL,ENSG00000069482.7,0.0
FMOD,ENSG00000122176.12,0.0
GLRA3,ENSG00000145451.13,0.0
FOSL1,ENSG00000175592.9,0.0
CA8,ENSG00000178538.10,0.0
CYP2A7,ENSG00000198077.10,0.0
STK32B,ENSG00000152953.13,0.0
VSNL1,ENSG00000163032.12,0.0
PEG3,ENSG00000198300.14,0.0
CAMP,ENSG00000164047.6,0.0
LY6E,ENSG00000160932.11,0.0
PCSK1,ENSG00000175426.11,0.0
RFLNA,ENSG00000178882.15,0.0
KLRG2,ENSG00000188883.5,0.0
RAPGEFL1,ENSG00000108352.13,0.0
LMX1B,ENSG00000136944.19,0.0
CCL5,ENSG00000271503.6,0.0
PLA2G7,ENSG00000146070.17,0.0
MYC,ENSG00000136997.21,0.0
ENHO,ENSG00000168913.7,0.0
FCGBP,ENSG00000275395.6,0.0
TUBB2B,ENSG00000137285.10,0.0
FBLL1,ENSG00000188573.8,0.0
B3GALT5,ENSG00000183778.17,0.0
MALRD1,ENSG00000204740.11,0.0
SCGN,ENSG00000079689.14,0.0
TTC22,ENSG00000006555.11,0.0
CRAT,ENSG00000095321.17,0.0
GEM,ENSG00000164949.8,0.0
SNORC,ENSG00000182600.9,0.0
IFIT2,ENSG00000119922.10,0.0
SCNN1G,ENSG00000166828.3,0.0
TMEM132A,ENSG00000006118.15,0.0
LIN7A,ENSG00000111052.7,0.0
ENPP5,ENSG00000112796.10,0.0
LRATD1,ENSG00000162981.14,0.0
PLAAT4,ENSG00000133321.11,0.0
CKB,ENSG00000166165.13,0.0
AKR1B10,ENSG00000198074.10,0.0
ZIC2,ENSG00000043355.12,0.0
ROBO2,ENSG00000185008.17,0.0
CD109,ENSG00000156535.15,0.0
LRRC26,ENSG00000184709.7,0.0
TMEM101,ENSG00000091947.10,0.0
MAGEA3,ENSG00000221867.9,0.0
NRN1,ENSG00000124785.9,0.0
TMPRSS6,ENSG00000187045.19,0.0
CCDC170,ENSG00000120262.10,0.0
CDC20B,ENSG00000164287.13,0.0
GGT6,ENSG00000167741.11,0.0
FAM110C,ENSG00000184731.6,0.0
PRELP,ENSG00000188783.6,0.0
PFKP,ENSG00000067057.18,0.0
HORMAD1,ENSG00000143452.16,0.0
LAD1,ENSG00000159166.15,0.0
NR4A2,ENSG00000153234.15,0.0
CRTAC1,ENSG00000095713.14,0.0
SOD3,ENSG00000109610.6,0.0
KCNK5,ENSG00000164626.9,0.0
SEMA3B,ENSG00000012171.20,0.0
MX1,ENSG00000157601.14,0.0
NR4A1,ENSG00000123358.20,0.0
GNG4,ENSG00000168243.11,0.0
S100G,ENSG00000169906.5,0.0
MT1E,ENSG00000169715.15,0.0
IGFBP2,ENSG00000115457.10,0.0
ADAM33,ENSG00000149451.18,0.0
CCDC3,ENSG00000151468.11,0.0
SCUBE1,ENSG00000159307.19,0.0
F13A1,ENSG00000124491.16,0.0
ERAP2,ENSG00000164308.17,0.0
PXDNL,ENSG00000147485.13,0.0
LGALS2,ENSG00000100079.7,0.0
NEK10,ENSG00000163491.16,0.0
OSR1,ENSG00000143867.7,0.0
RGMA,ENSG00000182175.14,0.0
CTSK,ENSG00000143387.14,0.0
S100A16,ENSG00000188643.11,0.0
RAB36,ENSG00000100228.12,0.0
INPP5J,ENSG00000185133.14,0.0
KLK14,ENSG00000129437.11,0.0
RIPPLY3,ENSG00000183145.9,0.0
MAGEA6,ENSG00000197172.10,0.0
TPSD1,ENSG00000095917.14,0.0
EFNA5,ENSG00000184349.13,0.0
PLCH1,ENSG00000114805.18,0.0
SPON1,ENSG00000262655.4,0.0
ARFGEF3,ENSG00000112379.9,0.0
LIPH,ENSG00000163898.10,0.0
CXCL8,ENSG00000169429.11,0.0
ACADSB,ENSG00000196177.13,0.0
C2CD4B,ENSG00000205502.4,0.0
PREX1,ENSG00000124126.14,0.0
GJB3,ENSG00000188910.8,0.0
CYP2J2,ENSG00000134716.11,0.0
CX3CR1,ENSG00000168329.14,0.0
MSI1,ENSG00000135097.7,0.0
B4GALNT4,ENSG00000182272.12,0.0
EFHD1,ENSG00000115468.12,0.0
PALM,ENSG00000099864.18,0.0
SLAMF6,ENSG00000162739.14,0.0
ADGRB2,ENSG00000121753.12,0.0
TDRD1,ENSG00000095627.9,0.0
NKG7,ENSG00000105374.10,0.0
SPRR1A,ENSG00000169474.4,0.0
HTRA3,ENSG00000170801.10,0.0
FFAR2,ENSG00000126262.5,0.0
IL34,ENSG00000157368.11,0.0
VPREB3,ENSG00000128218.8,0.0
HLA-DQB2,ENSG00000232629.9,0.0
CERS6,ENSG00000172292.15,0.0
SGPP2,ENSG00000163082.10,0.0
MCIDAS,ENSG00000234602.9,0.0
CCDC74B,ENSG00000152076.19,0.0
GAMT,ENSG00000130005.13,0.0
MUC2,ENSG00000198788.9,0.0
KRT80,ENSG00000167767.14,0.0
HSPA2,ENSG00000126803.9,0.0
CD163,ENSG00000177575.13,0.0
MFSD6L,ENSG00000185156.6,0.0
PYCARD,ENSG00000103490.14,0.0
FAM171A1,ENSG00000148468.17,0.0
TM4SF1,ENSG00000169908.12,0.0
OLFM2,ENSG00000105088.8,0.0
GZMA,ENSG00000145649.8,0.0
DNAJC22,ENSG00000178401.16,0.0
STMN3,ENSG00000197457.10,0.0
OASL,ENSG00000135114.12,0.0
IL6ST,ENSG00000134352.20,0.0
H2BC9,ENSG00000275713.2,0.0
GPRC5C,ENSG00000170412.18,0.0
TENT5B,ENSG00000158246.8,0.0
CXCL1,ENSG00000163739.5,0.0
SYTL2,ENSG00000137501.17,0.0
SIGLEC15,ENSG00000197046.12,0.0
MYBL1,ENSG00000185697.16,0.0
IL7R,ENSG00000168685.15,0.0
PNMA8A,ENSG00000182013.18,0.0
HOXB6,ENSG00000108511.10,0.0
EBF4,ENSG00000088881.21,0.0
ARMT1,ENSG00000146476.11,0.0
CHGA,ENSG00000100604.13,0.0
DAPL1,ENSG00000163331.12,0.0
KLF5,ENSG00000102554.14,0.0
IGFALS,ENSG00000099769.6,0.0
BIRC3,ENSG00000023445.16,0.0
PDGFRL,ENSG00000104213.13,0.0
TLX1,ENSG00000107807.13,0.0
FIBCD1,ENSG00000130720.13,0.0
BATF2,ENSG00000168062.10,0.0
NPTXR,ENSG00000221890.6,0.0
TMPRSS4,ENSG00000137648.19,0.0
PSD3,ENSG00000156011.17,0.0
FCRLB,ENSG00000162746.14,0.0
KCNC2,ENSG00000166006.14,0.0
CORO6,ENSG00000167549.18,0.0
CLPSL2,ENSG00000196748.10,0.0
EDARADD,ENSG00000186197.15,0.0
RGS2,ENSG00000116741.8,0.0
FIBIN,ENSG00000176971.4,0.0
IFI44L,ENSG00000137959.16,0.0
TBX3,ENSG00000135111.16,0.0
PLEKHG4B,ENSG00000153404.14,0.0
APLP1,ENSG00000105290.13,0.0
LUM,ENSG00000139329.5,0.0
LRRC17,ENSG00000128606.13,0.0
BEX2,ENSG00000133134.12,0.0
OAS3,ENSG00000111331.13,0.0
SPATA18,ENSG00000163071.11,0.0
ADRA2A,ENSG00000150594.7,0.0
H2AC6,ENSG00000180573.9,0.0
COLEC12,ENSG00000158270.12,0.0
GALNT7,ENSG00000109586.12,0.0
RRAD,ENSG00000166592.12,0.0
MS4A7,ENSG00000166927.13,0.0
NMU,ENSG00000109255.11,0.0
DSP,ENSG00000096696.14,0.0
TIMP3,ENSG00000100234.12,0.0
SHC2,ENSG00000129946.10,0.0
PLIN5,ENSG00000214456.8,0.0
FLRT3,ENSG00000125848.10,0.0
ZNF552,ENSG00000178935.5,0.0
COL9A3,ENSG00000092758.18,0.0
TNFSF10,ENSG00000121858.11,0.0
NXPH4,ENSG00000182379.10,0.0
C2CD4A,ENSG00000198535.5,0.0
SCGB2A2,ENSG00000110484.7,0.0
